teamId,teamCity,teamName,building,city,buildingType,gameType,games,wins,losses,win_pct,first_season,last_season
1610612755,Philadelphia,76ers,ARCO Arena I,Sacramento,home,Regular Season,3,2,1,0.667,1986,1988
1610612755,Philadelphia,76ers,Alamodome,San Antonio,home,Regular Season,8,0,8,0.0,1994,2002
1610612755,Philadelphia,76ers,Alexander Memorial Coliseum,Atlanta,home,Regular Season,9,3,6,0.333,1969,1971
1610612755,Philadelphia,76ers,Amalie Arena,Tampa,home,Regular Season,2,1,1,0.5,2021,2021
1610612755,Philadelphia,76ers,American Airlines Center,Dallas,home,Regular Season,24,7,17,0.292,2002,2026
1610612755,Philadelphia,76ers,Amway Arena,Orlando,home,Playoffs,5,2,3,0.4,1999,2009
1610612755,Philadelphia,76ers,Amway Arena,Orlando,home,Regular Season,41,9,32,0.22,1990,2010
1610612755,Philadelphia,76ers,Arizona Veterans Memorial Coliseum,Phoenix,home,Regular Season,38,13,25,0.342,1969,1992
1610612755,Philadelphia,76ers,Ball Arena,Denver,home,Regular Season,26,10,16,0.385,2000,2026
1610612755,Philadelphia,76ers,Baltimore Civic Center,Baltimore,home,Playoffs,4,2,2,0.5,1971,1971
1610612755,Philadelphia,76ers,Baltimore Civic Center,Baltimore,home,Regular Season,40,19,21,0.475,1964,1973
1610612755,Philadelphia,76ers,Barclays Center,Brooklyn,home,Playoffs,4,4,0,1.0,2019,2023
1610612755,Philadelphia,76ers,Barclays Center,Brooklyn,home,Regular Season,27,13,14,0.481,2013,2026
1610612755,Philadelphia,76ers,Boston Garden,Boston,home,Playoffs,30,10,20,0.333,1965,1985
1610612755,Philadelphia,76ers,Boston Garden,Boston,home,Regular Season,113,24,89,0.212,1962,1995
1610612755,Philadelphia,76ers,Bradley Center,Milwaukee,home,Playoffs,5,3,2,0.6,1991,2001
1610612755,Philadelphia,76ers,Bradley Center,Milwaukee,home,Regular Season,55,26,29,0.473,1989,2018
1610612755,Philadelphia,76ers,Buffalo Memorial Auditorium,Buffalo,home,Playoffs,1,1,0,1.0,1976,1976
1610612755,Philadelphia,76ers,Buffalo Memorial Auditorium,Buffalo,home,Regular Season,24,7,17,0.292,1971,1978
1610612755,Philadelphia,76ers,Capital Centre,Landover,home,Playoffs,8,3,5,0.375,1978,1986
1610612755,Philadelphia,76ers,Capital Centre,Landover,home,Regular Season,63,30,33,0.476,1974,1997
1610612755,Philadelphia,76ers,Capital One Arena,Washington,home,Playoffs,2,1,1,0.5,2021,2021
1610612755,Philadelphia,76ers,Capital One Arena,Washington,home,Regular Season,53,24,29,0.453,1998,2026
1610612755,Philadelphia,76ers,Charlotte Coliseum,Charlotte,home,Playoffs,2,1,1,0.5,2000,2000
1610612755,Philadelphia,76ers,Charlotte Coliseum,Charlotte,home,Regular Season,29,9,20,0.31,1989,2005
1610612755,Philadelphia,76ers,Chase Center,San Francisco,home,Regular Season,7,2,5,0.286,2020,2026
1610612755,Philadelphia,76ers,Chicago Stadium,Chicago,home,Playoffs,6,0,6,0.0,1990,1991
1610612755,Philadelphia,76ers,Chicago Stadium,Chicago,home,Regular Season,69,31,38,0.449,1967,1994
1610612755,Philadelphia,76ers,Cincinnati Gardens,Cincinnati,home,Playoffs,9,4,5,0.444,1963,1967
1610612755,Philadelphia,76ers,Cincinnati Gardens,Cincinnati,home,Regular Season,49,20,29,0.408,1962,1972
1610612755,Philadelphia,76ers,Cleveland Arena,Cleveland,home,Regular Season,8,3,5,0.375,1971,1973
1610612755,Philadelphia,76ers,Cobo Arena,Detroit,home,Regular Season,50,25,25,0.5,1962,1978
1610612755,Philadelphia,76ers,Cow Palace,San Francisco,home,Playoffs,3,2,1,0.667,1967,1967
1610612755,Philadelphia,76ers,Cow Palace,San Francisco,home,Regular Season,34,20,14,0.588,1963,1971
1610612755,Philadelphia,76ers,Crypto.com Arena,Los Angeles,home,Playoffs,2,1,1,0.5,2001,2001
1610612755,Philadelphia,76ers,Crypto.com Arena,Los Angeles,home,Regular Season,50,20,30,0.4,2000,2026
1610612755,Philadelphia,76ers,Delta Center,Salt Lake City,home,Regular Season,34,8,26,0.235,1992,2026
1610612755,Philadelphia,76ers,FedExForum,Memphis,home,Regular Season,21,7,14,0.333,2005,2026
1610612755,Philadelphia,76ers,Fiserv Forum,Milwaukee,home,Regular Season,15,5,10,0.333,2019,2026
1610612755,Philadelphia,76ers,Frost Bank Center,San Antonio,home,Regular Season,23,6,17,0.261,2003,2026
1610612755,Philadelphia,76ers,Gainbridge Fieldhouse,Indianapolis,home,Playoffs,5,3,2,0.6,2000,2001
1610612755,Philadelphia,76ers,Gainbridge Fieldhouse,Indianapolis,home,Regular Season,50,22,28,0.44,2000,2026
1610612755,Philadelphia,76ers,Georgia Dome,Atlanta,home,Regular Season,3,0,3,0.0,1998,1999
1610612755,Philadelphia,76ers,Golden 1 Center,Sacramento,home,Regular Season,10,5,5,0.5,2017,2026
1610612755,Philadelphia,76ers,HemisFair Arena,San Antonio,home,Playoffs,4,1,3,0.25,1979,1979
1610612755,Philadelphia,76ers,HemisFair Arena,San Antonio,home,Regular Season,22,10,12,0.455,1977,1993
1610612755,Philadelphia,76ers,Hofheinz Pavilion,Houston,home,Regular Season,11,3,8,0.273,1972,1975
1610612755,Philadelphia,76ers,Hubert H. Humphrey Metrodome,Minneapolis,home,Regular Season,1,0,1,0.0,1990,1990
1610612755,Philadelphia,76ers,Intuit Dome,Inglewood,home,Regular Season,2,1,1,0.5,2025,2026
1610612755,Philadelphia,76ers,Izod Center,East Rutherford,home,Playoffs,2,2,0,1.0,1984,1984
1610612755,Philadelphia,76ers,Izod Center,East Rutherford,home,Regular Season,68,33,35,0.485,1982,2010
1610612755,Philadelphia,76ers,Kaseya Center,Miami,home,Playoffs,8,2,6,0.25,2011,2022
1610612755,Philadelphia,76ers,Kaseya Center,Miami,home,Regular Season,49,14,35,0.286,2000,2026
1610612755,Philadelphia,76ers,Kemper Arena,Kansas City,home,Regular Season,13,9,4,0.692,1976,1985
1610612755,Philadelphia,76ers,KeyArena,Seattle,home,Regular Season,22,10,12,0.455,1986,2008
1610612755,Philadelphia,76ers,Kia Center,Orlando,home,Regular Season,28,13,15,0.464,2011,2026
1610612755,Philadelphia,76ers,Kiel Auditorium,St. Louis,home,Regular Season,30,10,20,0.333,1962,1968
1610612755,Philadelphia,76ers,Kingdome,Seattle,home,Regular Season,6,5,1,0.833,1980,1985
1610612755,Philadelphia,76ers,LA Memorial Sports Arena,Los Angeles,home,Regular Season,43,17,26,0.395,1962,1998
1610612755,Philadelphia,76ers,Little Caesars Arena,Detroit,home,Regular Season,16,10,6,0.625,2018,2026
1610612755,Philadelphia,76ers,Louisiana Superdome,New Orleans,home,Regular Season,8,4,4,0.5,1976,1979
1610612755,Philadelphia,76ers,MECCA Arena,Milwaukee,home,Playoffs,20,9,11,0.45,1970,1987
1610612755,Philadelphia,76ers,MECCA Arena,Milwaukee,home,Regular Season,48,18,30,0.375,1969,1988
1610612755,Philadelphia,76ers,Madison Square Garden,New York,home,Playoffs,11,5,6,0.455,1978,2026
1610612755,Philadelphia,76ers,Madison Square Garden,New York,home,Regular Season,141,59,82,0.418,1969,2026
1610612755,Philadelphia,76ers,Madison Square Garden III,New York,home,Playoffs,3,1,2,0.333,1968,1968
1610612755,Philadelphia,76ers,Madison Square Garden III,New York,home,Regular Season,36,22,14,0.611,1962,1968
1610612755,Philadelphia,76ers,Market Square Arena,Indianapolis,home,Playoffs,3,1,2,0.333,1981,1999
1610612755,Philadelphia,76ers,Market Square Arena,Indianapolis,home,Regular Season,52,31,21,0.596,1977,1999
1610612755,Philadelphia,76ers,McNichols Sports Arena,Denver,home,Regular Season,24,11,13,0.458,1977,1998
1610612755,Philadelphia,76ers,Memorial Coliseum,Portland,home,Playoffs,3,0,3,0.0,1977,1977
1610612755,Philadelphia,76ers,Memorial Coliseum,Portland,home,Regular Season,34,13,21,0.382,1971,1995
1610612755,Philadelphia,76ers,Miami Arena,Miami,home,Regular Season,23,11,12,0.478,1989,1999
1610612755,Philadelphia,76ers,Moda Center,Portland,home,Regular Season,31,11,20,0.355,1996,2026
1610612755,Philadelphia,76ers,Mortgage Matchup Center,Phoenix,home,Regular Season,33,9,24,0.273,1993,2026
1610612755,Philadelphia,76ers,Municipal Auditorium,Kansas City,home,Regular Season,9,4,5,0.444,1973,1980
1610612755,Philadelphia,76ers,Nassau Veterans Memorial Coliseum,Uniondale,home,Regular Season,2,2,0,1.0,1977,1977
1610612755,Philadelphia,76ers,Onondaga County War Memorial,Syracuse,home,Playoffs,5,3,2,0.6,1962,1963
1610612755,Philadelphia,76ers,Onondaga County War Memorial,Syracuse,home,Regular Season,84,63,21,0.75,1962,1963
1610612755,Philadelphia,76ers,Oracle Arena,Oakland,home,Regular Season,55,20,35,0.364,1972,2019
1610612755,Philadelphia,76ers,Orlando Bubble,Bay Lake,bubble,Playoffs,4,0,4,0.0,2021,2021
1610612755,Philadelphia,76ers,Orlando Bubble,Bay Lake,bubble,Regular Season,8,4,4,0.5,2021,2021
1610612755,Philadelphia,76ers,Paycom Center,Oklahoma City,home,Regular Season,19,6,13,0.316,2006,2026
1610612755,Philadelphia,76ers,Philadelphia Arena,Philadelphia,home,Playoffs,21,14,7,0.667,1962,1967
1610612755,Philadelphia,76ers,Philadelphia Arena,Philadelphia,home,Regular Season,165,128,37,0.776,1962,1967
1610612755,Philadelphia,76ers,Pontiac Silverdome,Pontiac,home,Regular Season,27,15,12,0.556,1979,1988
1610612755,Philadelphia,76ers,Prudential Center,Newark,home,Regular Season,4,4,0,1.0,2011,2012
1610612755,Philadelphia,76ers,Pyramid Arena,Memphis,home,Regular Season,3,1,2,0.333,2002,2004
1610612755,Philadelphia,76ers,Reunion Arena,Dallas,home,Regular Season,20,14,6,0.7,1981,2001
1610612755,Philadelphia,76ers,Richfield Coliseum,Richfield,home,Playoffs,2,0,2,0.0,1990,1990
1610612755,Philadelphia,76ers,Richfield Coliseum,Richfield,home,Regular Season,51,21,30,0.412,1974,1994
1610612755,Philadelphia,76ers,Rocket Arena,Cleveland,home,Regular Season,57,26,31,0.456,1995,2026
1610612755,Philadelphia,76ers,Rogers Arena,Vancouver,home,Regular Season,6,5,1,0.833,1996,2001
1610612755,Philadelphia,76ers,Rutgers Athletic Center,Piscataway,home,Playoffs,1,1,0,1.0,1979,1979
1610612755,Philadelphia,76ers,Rutgers Athletic Center,Piscataway,home,Regular Season,10,6,4,0.6,1978,1981
1610612755,Philadelphia,76ers,Salt Palace,Salt Lake City,home,Regular Season,12,7,5,0.583,1980,1991
1610612755,Philadelphia,76ers,San Diego Sports Arena,San Diego,home,Regular Season,19,12,7,0.632,1968,1984
1610612755,Philadelphia,76ers,San Jose Arena,San Jose,home,Regular Season,1,0,1,0.0,1997,1997
1610612755,Philadelphia,76ers,Scotiabank Arena,Toronto,home,Playoffs,10,4,6,0.4,2001,2022
1610612755,Philadelphia,76ers,Scotiabank Arena,Toronto,home,Regular Season,50,19,31,0.38,2000,2026
1610612755,Philadelphia,76ers,Seattle Center Coliseum,Seattle,home,Regular Season,21,11,10,0.524,1968,1975
1610612755,Philadelphia,76ers,SkyDome,Toronto,home,Regular Season,7,2,5,0.286,1996,1999
1610612755,Philadelphia,76ers,Sleep Train Arena,Sacramento,home,Regular Season,26,10,16,0.385,1989,2016
1610612755,Philadelphia,76ers,Smoothie King Center,New Orleans,home,Playoffs,3,2,1,0.667,2003,2003
1610612755,Philadelphia,76ers,Smoothie King Center,New Orleans,home,Regular Season,22,7,15,0.318,2003,2026
1610612755,Philadelphia,76ers,Spectrum Center,Charlotte,home,Regular Season,37,18,19,0.486,2006,2026
1610612755,Philadelphia,76ers,State Farm Arena,Atlanta,home,Playoffs,3,2,1,0.667,2021,2021
1610612755,Philadelphia,76ers,State Farm Arena,Atlanta,home,Regular Season,46,18,28,0.391,2000,2026
1610612755,Philadelphia,76ers,TD Garden,Boston,home,Playoffs,18,6,12,0.333,2002,2026
1610612755,Philadelphia,76ers,TD Garden,Boston,home,Regular Season,60,25,35,0.417,1996,2026
1610612755,Philadelphia,76ers,Tacoma Dome,Tacoma,home,Regular Season,1,0,1,0.0,1995,1995
1610612755,Philadelphia,76ers,Target Center,Minneapolis,home,Regular Season,34,15,19,0.441,1991,2026
1610612755,Philadelphia,76ers,The Forum,Inglewood,home,Playoffs,8,3,5,0.375,1980,1983
1610612755,Philadelphia,76ers,The Forum,Inglewood,home,Regular Season,47,12,35,0.255,1968,1998
1610612755,Philadelphia,76ers,The O2 Arena,London,neutral,Regular Season,1,0,1,0.0,2018,2018
1610612755,Philadelphia,76ers,The Omni,Atlanta,home,Playoffs,3,2,1,0.667,1980,1982
1610612755,Philadelphia,76ers,The Omni,Atlanta,home,Regular Season,64,21,43,0.328,1972,1997
1610612755,Philadelphia,76ers,The Palace of Auburn Hills,Auburn Hills,home,Playoffs,9,1,8,0.111,2003,2008
1610612755,Philadelphia,76ers,The Palace of Auburn Hills,Auburn Hills,home,Regular Season,54,17,37,0.315,1989,2017
1610612755,Philadelphia,76ers,The Spectrum,Philadelphia,home,Playoffs,96,62,34,0.646,1968,1991
1610612755,Philadelphia,76ers,The Spectrum,Philadelphia,home,Regular Season,1189,772,417,0.649,1968,1996
1610612755,Philadelphia,76ers,The Summit,Houston,home,Playoffs,3,2,1,0.667,1977,1977
1610612755,Philadelphia,76ers,The Summit,Houston,home,Regular Season,34,11,23,0.324,1976,2003
1610612755,Philadelphia,76ers,Toyota Center,Houston,home,Regular Season,23,9,14,0.391,2004,2026
1610612755,Philadelphia,76ers,United Center,Chicago,home,Playoffs,3,1,2,0.333,2012,2012
1610612755,Philadelphia,76ers,United Center,Chicago,home,Regular Season,57,27,30,0.474,1995,2026
1610612755,Philadelphia,76ers,Xfinity Mobile Arena,Philadelphia,home,Playoffs,83,47,36,0.566,1999,2026
1610612755,Philadelphia,76ers,Xfinity Mobile Arena,Philadelphia,home,Regular Season,1188,646,542,0.544,1997,2026
1610612749,Milwaukee,Bucks,ARCO Arena I,Sacramento,home,Regular Season,3,3,0,1.0,1986,1988
1610612749,Milwaukee,Bucks,Alamodome,San Antonio,home,Regular Season,8,3,5,0.375,1994,2002
1610612749,Milwaukee,Bucks,Alexander Memorial Coliseum,Atlanta,home,Regular Season,9,5,4,0.556,1969,1971
1610612749,Milwaukee,Bucks,Amalie Arena,Tampa,home,Regular Season,1,1,0,1.0,2021,2021
1610612749,Milwaukee,Bucks,American Airlines Center,Dallas,home,Regular Season,24,9,15,0.375,2002,2026
1610612749,Milwaukee,Bucks,Amway Arena,Orlando,home,Playoffs,2,1,1,0.5,2001,2001
1610612749,Milwaukee,Bucks,Amway Arena,Orlando,home,Regular Season,39,14,25,0.359,1990,2010
1610612749,Milwaukee,Bucks,Arizona Veterans Memorial Coliseum,Phoenix,home,Playoffs,1,1,0,1.0,1978,1978
1610612749,Milwaukee,Bucks,Arizona Veterans Memorial Coliseum,Phoenix,home,Regular Season,46,22,24,0.478,1969,1992
1610612749,Milwaukee,Bucks,Ball Arena,Denver,home,Regular Season,27,6,21,0.222,2000,2026
1610612749,Milwaukee,Bucks,Baltimore Civic Center,Baltimore,home,Playoffs,2,2,0,1.0,1971,1971
1610612749,Milwaukee,Bucks,Baltimore Civic Center,Baltimore,home,Regular Season,13,6,7,0.462,1969,1973
1610612749,Milwaukee,Bucks,Barclays Center,Brooklyn,home,Playoffs,4,1,3,0.25,2021,2021
1610612749,Milwaukee,Bucks,Barclays Center,Brooklyn,home,Regular Season,24,16,8,0.667,2013,2026
1610612749,Milwaukee,Bucks,Boston Garden,Boston,home,Playoffs,14,5,9,0.357,1974,1987
1610612749,Milwaukee,Bucks,Boston Garden,Boston,home,Regular Season,62,18,44,0.29,1969,1995
1610612749,Milwaukee,Bucks,Bradley Center,Milwaukee,home,Playoffs,41,19,22,0.463,1989,2018
1610612749,Milwaukee,Bucks,Bradley Center,Milwaukee,home,Regular Season,1204,668,536,0.555,1989,2018
1610612749,Milwaukee,Bucks,Buffalo Memorial Auditorium,Buffalo,home,Regular Season,16,9,7,0.562,1971,1978
1610612749,Milwaukee,Bucks,Capital Centre,Landover,home,Regular Season,54,25,29,0.463,1974,1997
1610612749,Milwaukee,Bucks,Capital One Arena,Washington,home,Regular Season,51,25,26,0.49,1998,2026
1610612749,Milwaukee,Bucks,Charlotte Coliseum,Charlotte,home,Playoffs,3,1,2,0.333,2001,2001
1610612749,Milwaukee,Bucks,Charlotte Coliseum,Charlotte,home,Regular Season,31,15,16,0.484,1989,2005
1610612749,Milwaukee,Bucks,Chase Center,San Francisco,home,Regular Season,7,1,6,0.143,2020,2026
1610612749,Milwaukee,Bucks,Chicago Stadium,Chicago,home,Playoffs,6,3,3,0.5,1974,1990
1610612749,Milwaukee,Bucks,Chicago Stadium,Chicago,home,Regular Season,73,29,44,0.397,1969,1994
1610612749,Milwaukee,Bucks,Cincinnati Gardens,Cincinnati,home,Regular Season,11,7,4,0.636,1969,1972
1610612749,Milwaukee,Bucks,Cleveland Arena,Cleveland,home,Regular Season,6,5,1,0.833,1971,1973
1610612749,Milwaukee,Bucks,Cobo Arena,Detroit,home,Playoffs,1,0,1,0.0,1976,1976
1610612749,Milwaukee,Bucks,Cobo Arena,Detroit,home,Regular Season,32,18,14,0.562,1969,1978
1610612749,Milwaukee,Bucks,Cow Palace,San Francisco,home,Playoffs,2,1,1,0.5,1971,1971
1610612749,Milwaukee,Bucks,Cow Palace,San Francisco,home,Regular Season,9,5,4,0.556,1969,1971
1610612749,Milwaukee,Bucks,Crypto.com Arena,Los Angeles,home,Regular Season,51,19,32,0.373,2000,2026
1610612749,Milwaukee,Bucks,Delta Center,Salt Lake City,home,Regular Season,34,6,28,0.176,1992,2026
1610612749,Milwaukee,Bucks,FedExForum,Memphis,home,Regular Season,21,8,13,0.381,2005,2026
1610612749,Milwaukee,Bucks,Fiserv Forum,Milwaukee,home,Playoffs,33,23,10,0.697,2019,2025
1610612749,Milwaukee,Bucks,Fiserv Forum,Milwaukee,home,Regular Season,310,220,90,0.71,2019,2026
1610612749,Milwaukee,Bucks,Frost Bank Center,San Antonio,home,Regular Season,23,6,17,0.261,2003,2026
1610612749,Milwaukee,Bucks,Gainbridge Fieldhouse,Indianapolis,home,Playoffs,9,1,8,0.111,2000,2025
1610612749,Milwaukee,Bucks,Gainbridge Fieldhouse,Indianapolis,home,Regular Season,52,20,32,0.385,2000,2026
1610612749,Milwaukee,Bucks,Georgia Dome,Atlanta,home,Regular Season,4,1,3,0.25,1998,1999
1610612749,Milwaukee,Bucks,Golden 1 Center,Sacramento,home,Regular Season,10,9,1,0.9,2017,2026
1610612749,Milwaukee,Bucks,HemisFair Arena,San Antonio,home,Regular Season,20,7,13,0.35,1977,1993
1610612749,Milwaukee,Bucks,Hofheinz Pavilion,Houston,home,Regular Season,8,6,2,0.75,1972,1975
1610612749,Milwaukee,Bucks,Hubert H. Humphrey Metrodome,Minneapolis,home,Regular Season,1,1,0,1.0,1990,1990
1610612749,Milwaukee,Bucks,Intuit Dome,Inglewood,home,Regular Season,2,0,2,0.0,2025,2026
1610612749,Milwaukee,Bucks,Izod Center,East Rutherford,home,Playoffs,7,4,3,0.571,1984,2003
1610612749,Milwaukee,Bucks,Izod Center,East Rutherford,home,Regular Season,62,24,38,0.387,1982,2010
1610612749,Milwaukee,Bucks,Kaseya Center,Miami,home,Playoffs,6,2,4,0.333,2013,2023
1610612749,Milwaukee,Bucks,Kaseya Center,Miami,home,Regular Season,47,17,30,0.362,2000,2026
1610612749,Milwaukee,Bucks,Kemper Arena,Kansas City,home,Regular Season,14,7,7,0.5,1976,1985
1610612749,Milwaukee,Bucks,KeyArena,Seattle,home,Regular Season,21,4,17,0.19,1986,2008
1610612749,Milwaukee,Bucks,Kia Center,Orlando,home,Regular Season,29,14,15,0.483,2011,2026
1610612749,Milwaukee,Bucks,Kingdome,Seattle,home,Playoffs,4,2,2,0.5,1980,1980
1610612749,Milwaukee,Bucks,Kingdome,Seattle,home,Regular Season,8,3,5,0.375,1980,1985
1610612749,Milwaukee,Bucks,LA Memorial Sports Arena,Los Angeles,home,Regular Season,14,7,7,0.5,1985,1998
1610612749,Milwaukee,Bucks,Little Caesars Arena,Detroit,home,Playoffs,2,2,0,1.0,2019,2019
1610612749,Milwaukee,Bucks,Little Caesars Arena,Detroit,home,Regular Season,17,13,4,0.765,2018,2026
1610612749,Milwaukee,Bucks,Louisiana Superdome,New Orleans,home,Regular Season,7,4,3,0.571,1976,1979
1610612749,Milwaukee,Bucks,MECCA Arena,Milwaukee,home,Playoffs,78,51,27,0.654,1970,1988
1610612749,Milwaukee,Bucks,MECCA Arena,Milwaukee,home,Regular Season,822,604,218,0.735,1969,1988
1610612749,Milwaukee,Bucks,Madison Square Garden,New York,home,Playoffs,3,0,3,0.0,1970,1970
1610612749,Milwaukee,Bucks,Madison Square Garden,New York,home,Regular Season,118,53,65,0.449,1969,2026
1610612749,Milwaukee,Bucks,Market Square Arena,Indianapolis,home,Playoffs,2,0,2,0.0,1999,1999
1610612749,Milwaukee,Bucks,Market Square Arena,Indianapolis,home,Regular Season,57,27,30,0.474,1977,1999
1610612749,Milwaukee,Bucks,McNichols Sports Arena,Denver,home,Playoffs,4,1,3,0.25,1978,1978
1610612749,Milwaukee,Bucks,McNichols Sports Arena,Denver,home,Regular Season,28,5,23,0.179,1977,1999
1610612749,Milwaukee,Bucks,Memorial Coliseum,Portland,home,Regular Season,39,18,21,0.462,1971,1995
1610612749,Milwaukee,Bucks,Miami Arena,Miami,home,Regular Season,19,6,13,0.316,1989,1999
1610612749,Milwaukee,Bucks,Moda Center,Portland,home,Regular Season,30,13,17,0.433,1996,2026
1610612749,Milwaukee,Bucks,Mortgage Matchup Center,Phoenix,home,Playoffs,3,1,2,0.333,2021,2021
1610612749,Milwaukee,Bucks,Mortgage Matchup Center,Phoenix,home,Regular Season,33,7,26,0.212,1993,2026
1610612749,Milwaukee,Bucks,Municipal Auditorium,Kansas City,home,Regular Season,17,9,8,0.529,1973,1980
1610612749,Milwaukee,Bucks,Nassau Veterans Memorial Coliseum,Uniondale,home,Regular Season,2,2,0,1.0,1977,1977
1610612749,Milwaukee,Bucks,Oracle Arena,Oakland,home,Playoffs,5,3,2,0.6,1972,1973
1610612749,Milwaukee,Bucks,Oracle Arena,Oakland,home,Regular Season,59,30,29,0.508,1972,2019
1610612749,Milwaukee,Bucks,Orlando Bubble,Bay Lake,bubble,Playoffs,10,5,5,0.5,2021,2021
1610612749,Milwaukee,Bucks,Orlando Bubble,Bay Lake,bubble,Regular Season,8,3,5,0.375,2020,2021
1610612749,Milwaukee,Bucks,Paycom Center,Oklahoma City,home,Regular Season,19,8,11,0.421,2006,2026
1610612749,Milwaukee,Bucks,Pontiac Silverdome,Pontiac,home,Regular Season,25,8,17,0.32,1979,1988
1610612749,Milwaukee,Bucks,Prudential Center,Newark,home,Regular Season,3,3,0,1.0,2011,2012
1610612749,Milwaukee,Bucks,Pyramid Arena,Memphis,home,Regular Season,3,1,2,0.333,2002,2004
1610612749,Milwaukee,Bucks,Reunion Arena,Dallas,home,Regular Season,20,10,10,0.5,1981,2001
1610612749,Milwaukee,Bucks,Richfield Coliseum,Richfield,home,Regular Season,52,30,22,0.577,1974,1994
1610612749,Milwaukee,Bucks,Rocket Arena,Cleveland,home,Regular Season,62,18,44,0.29,1995,2026
1610612749,Milwaukee,Bucks,Rogers Arena,Vancouver,home,Regular Season,5,3,2,0.6,1996,2001
1610612749,Milwaukee,Bucks,Rutgers Athletic Center,Piscataway,home,Regular Season,8,4,4,0.5,1978,1981
1610612749,Milwaukee,Bucks,Salt Palace,Salt Lake City,home,Regular Season,14,9,5,0.643,1980,1991
1610612749,Milwaukee,Bucks,San Diego Sports Arena,San Diego,home,Regular Season,17,10,7,0.588,1969,1984
1610612749,Milwaukee,Bucks,San Jose Arena,San Jose,home,Regular Season,1,0,1,0.0,1997,1997
1610612749,Milwaukee,Bucks,Scotiabank Arena,Toronto,home,Playoffs,6,1,5,0.167,2017,2019
1610612749,Milwaukee,Bucks,Scotiabank Arena,Toronto,home,Regular Season,46,26,20,0.565,2000,2026
1610612749,Milwaukee,Bucks,Seattle Center Coliseum,Seattle,home,Regular Season,20,9,11,0.45,1969,1975
1610612749,Milwaukee,Bucks,SkyDome,Toronto,home,Regular Season,8,4,4,0.5,1996,1999
1610612749,Milwaukee,Bucks,Sleep Train Arena,Sacramento,home,Regular Season,27,11,16,0.407,1989,2016
1610612749,Milwaukee,Bucks,Smoothie King Center,New Orleans,home,Regular Season,22,6,16,0.273,2003,2026
1610612749,Milwaukee,Bucks,Spectrum Center,Charlotte,home,Regular Season,36,15,21,0.417,2006,2026
1610612749,Milwaukee,Bucks,State Farm Arena,Atlanta,home,Playoffs,7,3,4,0.429,2010,2021
1610612749,Milwaukee,Bucks,State Farm Arena,Atlanta,home,Regular Season,48,20,28,0.417,2000,2026
1610612749,Milwaukee,Bucks,T-Mobile Arena,Las Vegas,neutral,Regular Season,2,2,0,1.0,2025,2025
1610612749,Milwaukee,Bucks,TD Garden,Boston,home,Playoffs,10,4,6,0.4,2018,2022
1610612749,Milwaukee,Bucks,TD Garden,Boston,home,Regular Season,55,21,34,0.382,1996,2026
1610612749,Milwaukee,Bucks,Tacoma Dome,Tacoma,home,Regular Season,1,0,1,0.0,1995,1995
1610612749,Milwaukee,Bucks,Target Center,Minneapolis,home,Regular Season,35,14,21,0.4,1991,2026
1610612749,Milwaukee,Bucks,The Forum,Inglewood,home,Playoffs,7,3,4,0.429,1971,1974
1610612749,Milwaukee,Bucks,The Forum,Inglewood,home,Regular Season,48,9,39,0.188,1969,1998
1610612749,Milwaukee,Bucks,The O2 Arena,London,neutral,Regular Season,1,1,0,1.0,2015,2015
1610612749,Milwaukee,Bucks,The Omni,Atlanta,home,Playoffs,8,2,6,0.25,1984,1989
1610612749,Milwaukee,Bucks,The Omni,Atlanta,home,Regular Season,62,19,43,0.306,1972,1997
1610612749,Milwaukee,Bucks,The Palace of Auburn Hills,Auburn Hills,home,Playoffs,8,1,7,0.125,1989,2006
1610612749,Milwaukee,Bucks,The Palace of Auburn Hills,Auburn Hills,home,Regular Season,61,21,40,0.344,1989,2017
1610612749,Milwaukee,Bucks,The Spectrum,Philadelphia,home,Playoffs,20,6,14,0.3,1970,1991
1610612749,Milwaukee,Bucks,The Spectrum,Philadelphia,home,Regular Season,64,29,35,0.453,1969,1996
1610612749,Milwaukee,Bucks,The Summit,Houston,home,Regular Season,31,10,21,0.323,1976,2003
1610612749,Milwaukee,Bucks,Toyota Center,Houston,home,Regular Season,23,5,18,0.217,2004,2026
1610612749,Milwaukee,Bucks,United Center,Chicago,home,Playoffs,5,3,2,0.6,2015,2022
1610612749,Milwaukee,Bucks,United Center,Chicago,home,Regular Season,64,26,38,0.406,1995,2026
1610612749,Milwaukee,Bucks,Xfinity Mobile Arena,Philadelphia,home,Playoffs,4,1,3,0.25,2001,2001
1610612749,Milwaukee,Bucks,Xfinity Mobile Arena,Philadelphia,home,Regular Season,52,27,25,0.519,1997,2026
1610612741,Chicago,Bulls,ARCO Arena I,Sacramento,home,Regular Season,3,1,2,0.333,1986,1988
1610612741,Chicago,Bulls,Alamodome,San Antonio,home,Regular Season,8,4,4,0.5,1994,2002
1610612741,Chicago,Bulls,Alexander Memorial Coliseum,Atlanta,home,Playoffs,3,0,3,0.0,1970,1970
1610612741,Chicago,Bulls,Alexander Memorial Coliseum,Atlanta,home,Regular Season,9,1,8,0.111,1969,1971
1610612741,Chicago,Bulls,Amalie Arena,Tampa,home,Regular Season,1,1,0,1.0,2021,2021
1610612741,Chicago,Bulls,American Airlines Center,Dallas,home,Regular Season,24,7,17,0.292,2002,2026
1610612741,Chicago,Bulls,Amway Arena,Orlando,home,Playoffs,5,3,2,0.6,1995,1996
1610612741,Chicago,Bulls,Amway Arena,Orlando,home,Regular Season,37,14,23,0.378,1990,2010
1610612741,Chicago,Bulls,Arizona Veterans Memorial Coliseum,Phoenix,home,Regular Season,44,16,28,0.364,1969,1992
1610612741,Chicago,Bulls,Ball Arena,Denver,home,Regular Season,25,5,20,0.2,2000,2026
1610612741,Chicago,Bulls,Baltimore Civic Center,Baltimore,home,Regular Season,21,9,12,0.429,1967,1973
1610612741,Chicago,Bulls,Barclays Center,Brooklyn,home,Playoffs,4,2,2,0.5,2013,2013
1610612741,Chicago,Bulls,Barclays Center,Brooklyn,home,Regular Season,24,9,15,0.375,2013,2026
1610612741,Chicago,Bulls,Boston Garden,Boston,home,Playoffs,6,0,6,0.0,1981,1987
1610612741,Chicago,Bulls,Boston Garden,Boston,home,Regular Season,70,19,51,0.271,1967,1995
1610612741,Chicago,Bulls,Bradley Center,Milwaukee,home,Playoffs,5,3,2,0.6,1990,2015
1610612741,Chicago,Bulls,Bradley Center,Milwaukee,home,Regular Season,64,34,30,0.531,1989,2018
1610612741,Chicago,Bulls,Buffalo Memorial Auditorium,Buffalo,home,Regular Season,15,7,8,0.467,1971,1978
1610612741,Chicago,Bulls,Capital Centre,Landover,home,Playoffs,1,1,0,1.0,1997,1997
1610612741,Chicago,Bulls,Capital Centre,Landover,home,Regular Season,53,20,33,0.377,1974,1997
1610612741,Chicago,Bulls,Capital One Arena,Washington,home,Playoffs,5,1,4,0.2,2005,2014
1610612741,Chicago,Bulls,Capital One Arena,Washington,home,Regular Season,52,25,27,0.481,1998,2026
1610612741,Chicago,Bulls,Charlotte Coliseum,Charlotte,home,Playoffs,4,3,1,0.75,1995,1998
1610612741,Chicago,Bulls,Charlotte Coliseum,Charlotte,home,Regular Season,32,18,14,0.562,1989,2005
1610612741,Chicago,Bulls,Chase Center,San Francisco,home,Regular Season,7,2,5,0.286,2020,2026
1610612741,Chicago,Bulls,Chicago Stadium,Chicago,home,Playoffs,90,65,25,0.722,1967,1994
1610612741,Chicago,Bulls,Chicago Stadium,Chicago,home,Regular Season,1146,744,402,0.649,1967,1994
1610612741,Chicago,Bulls,Cincinnati Gardens,Cincinnati,home,Regular Season,17,7,10,0.412,1967,1972
1610612741,Chicago,Bulls,Cleveland Arena,Cleveland,home,Regular Season,6,5,1,0.833,1971,1973
1610612741,Chicago,Bulls,Cobo Arena,Detroit,home,Playoffs,3,1,2,0.333,1974,1974
1610612741,Chicago,Bulls,Cobo Arena,Detroit,home,Regular Season,39,13,26,0.333,1967,1978
1610612741,Chicago,Bulls,Cow Palace,San Francisco,home,Regular Season,18,9,9,0.5,1967,1971
1610612741,Chicago,Bulls,Crypto.com Arena,Los Angeles,home,Regular Season,50,17,33,0.34,2000,2026
1610612741,Chicago,Bulls,Delta Center,Salt Lake City,home,Playoffs,6,3,3,0.5,1997,1998
1610612741,Chicago,Bulls,Delta Center,Salt Lake City,home,Regular Season,33,13,20,0.394,1992,2026
1610612741,Chicago,Bulls,FedExForum,Memphis,home,Regular Season,22,10,12,0.455,2005,2026
1610612741,Chicago,Bulls,Fiserv Forum,Milwaukee,home,Playoffs,3,1,2,0.333,2022,2022
1610612741,Chicago,Bulls,Fiserv Forum,Milwaukee,home,Regular Season,15,2,13,0.133,2019,2026
1610612741,Chicago,Bulls,Frost Bank Center,San Antonio,home,Regular Season,24,8,16,0.333,2003,2026
1610612741,Chicago,Bulls,Gainbridge Fieldhouse,Indianapolis,home,Playoffs,2,1,1,0.5,2011,2011
1610612741,Chicago,Bulls,Gainbridge Fieldhouse,Indianapolis,home,Regular Season,53,14,39,0.264,2000,2026
1610612741,Chicago,Bulls,Georgia Dome,Atlanta,home,Regular Season,4,2,2,0.5,1998,1999
1610612741,Chicago,Bulls,Golden 1 Center,Sacramento,home,Regular Season,10,4,6,0.4,2017,2026
1610612741,Chicago,Bulls,HemisFair Arena,San Antonio,home,Regular Season,19,3,16,0.158,1977,1993
1610612741,Chicago,Bulls,Hofheinz Pavilion,Houston,home,Regular Season,9,7,2,0.778,1972,1975
1610612741,Chicago,Bulls,Hubert H. Humphrey Metrodome,Minneapolis,home,Regular Season,1,1,0,1.0,1990,1990
1610612741,Chicago,Bulls,Intuit Dome,Inglewood,home,Regular Season,2,1,1,0.5,2025,2026
1610612741,Chicago,Bulls,Izod Center,East Rutherford,home,Playoffs,1,1,0,1.0,1998,1998
1610612741,Chicago,Bulls,Izod Center,East Rutherford,home,Regular Season,60,20,40,0.333,1982,2010
1610612741,Chicago,Bulls,Kaseya Center,Miami,home,Playoffs,10,3,7,0.3,2006,2013
1610612741,Chicago,Bulls,Kaseya Center,Miami,home,Regular Season,48,16,32,0.333,2000,2026
1610612741,Chicago,Bulls,Kemper Arena,Kansas City,home,Regular Season,15,3,12,0.2,1976,1985
1610612741,Chicago,Bulls,KeyArena,Seattle,home,Playoffs,3,1,2,0.333,1996,1996
1610612741,Chicago,Bulls,KeyArena,Seattle,home,Regular Season,21,11,10,0.524,1986,2008
1610612741,Chicago,Bulls,Kia Center,Orlando,home,Regular Season,28,17,11,0.607,2011,2026
1610612741,Chicago,Bulls,Kiel Auditorium,St. Louis,home,Playoffs,2,0,2,0.0,1967,1967
1610612741,Chicago,Bulls,Kiel Auditorium,St. Louis,home,Regular Season,9,3,6,0.333,1967,1968
1610612741,Chicago,Bulls,Kingdome,Seattle,home,Regular Season,8,2,6,0.25,1980,1985
1610612741,Chicago,Bulls,LA Memorial Sports Arena,Los Angeles,home,Regular Season,20,15,5,0.75,1967,1999
1610612741,Chicago,Bulls,Little Caesars Arena,Detroit,home,Regular Season,17,9,8,0.529,2018,2026
1610612741,Chicago,Bulls,Louisiana Superdome,New Orleans,home,Regular Season,8,4,4,0.5,1976,1979
1610612741,Chicago,Bulls,MECCA Arena,Milwaukee,home,Playoffs,4,0,4,0.0,1974,1985
1610612741,Chicago,Bulls,MECCA Arena,Milwaukee,home,Regular Season,59,20,39,0.339,1969,1988
1610612741,Chicago,Bulls,Madison Square Garden,New York,home,Playoffs,17,6,11,0.353,1981,1996
1610612741,Chicago,Bulls,Madison Square Garden,New York,home,Regular Season,119,48,71,0.403,1969,2026
1610612741,Chicago,Bulls,Madison Square Garden III,New York,home,Regular Season,8,0,8,0.0,1967,1968
1610612741,Chicago,Bulls,Market Square Arena,Indianapolis,home,Playoffs,3,0,3,0.0,1998,1998
1610612741,Chicago,Bulls,Market Square Arena,Indianapolis,home,Regular Season,56,23,33,0.411,1977,1999
1610612741,Chicago,Bulls,McNichols Sports Arena,Denver,home,Regular Season,27,9,18,0.333,1977,1998
1610612741,Chicago,Bulls,Memorial Coliseum,Portland,home,Playoffs,5,2,3,0.4,1977,1992
1610612741,Chicago,Bulls,Memorial Coliseum,Portland,home,Regular Season,40,18,22,0.45,1971,1995
1610612741,Chicago,Bulls,Miami Arena,Miami,home,Playoffs,4,3,1,0.75,1992,1997
1610612741,Chicago,Bulls,Miami Arena,Miami,home,Regular Season,20,14,6,0.7,1989,1999
1610612741,Chicago,Bulls,Moda Center,Portland,home,Regular Season,29,11,18,0.379,1996,2026
1610612741,Chicago,Bulls,Mortgage Matchup Center,Phoenix,home,Playoffs,3,3,0,1.0,1993,1993
1610612741,Chicago,Bulls,Mortgage Matchup Center,Phoenix,home,Regular Season,31,11,20,0.355,1993,2026
1610612741,Chicago,Bulls,Municipal Auditorium,Kansas City,home,Playoffs,3,1,2,0.333,1975,1975
1610612741,Chicago,Bulls,Municipal Auditorium,Kansas City,home,Regular Season,16,8,8,0.5,1973,1980
1610612741,Chicago,Bulls,Nassau Veterans Memorial Coliseum,Uniondale,home,Regular Season,1,0,1,0.0,1977,1977
1610612741,Chicago,Bulls,Oracle Arena,Oakland,home,Playoffs,4,1,3,0.25,1975,1975
1610612741,Chicago,Bulls,Oracle Arena,Oakland,home,Regular Season,59,27,32,0.458,1972,2019
1610612741,Chicago,Bulls,Paycom Center,Oklahoma City,home,Regular Season,20,6,14,0.3,2006,2026
1610612741,Chicago,Bulls,Philadelphia Arena,Philadelphia,home,Regular Season,5,0,5,0.0,1967,1967
1610612741,Chicago,Bulls,Pontiac Silverdome,Pontiac,home,Playoffs,3,1,2,0.333,1988,1988
1610612741,Chicago,Bulls,Pontiac Silverdome,Pontiac,home,Regular Season,27,6,21,0.222,1979,1988
1610612741,Chicago,Bulls,Prudential Center,Newark,home,Regular Season,3,2,1,0.667,2011,2012
1610612741,Chicago,Bulls,Pyramid Arena,Memphis,home,Regular Season,3,0,3,0.0,2002,2004
1610612741,Chicago,Bulls,Reunion Arena,Dallas,home,Regular Season,21,11,10,0.524,1981,2001
1610612741,Chicago,Bulls,Richfield Coliseum,Richfield,home,Playoffs,11,7,4,0.636,1988,1994
1610612741,Chicago,Bulls,Richfield Coliseum,Richfield,home,Regular Season,52,26,26,0.5,1974,1994
1610612741,Chicago,Bulls,Rocket Arena,Cleveland,home,Playoffs,6,1,5,0.167,2010,2015
1610612741,Chicago,Bulls,Rocket Arena,Cleveland,home,Regular Season,62,24,38,0.387,1995,2026
1610612741,Chicago,Bulls,Rogers Arena,Vancouver,home,Regular Season,5,3,2,0.6,1996,2001
1610612741,Chicago,Bulls,Rutgers Athletic Center,Piscataway,home,Regular Season,7,2,5,0.286,1978,1981
1610612741,Chicago,Bulls,Salt Palace,Salt Lake City,home,Regular Season,14,5,9,0.357,1980,1991
1610612741,Chicago,Bulls,San Diego Sports Arena,San Diego,home,Regular Season,23,8,15,0.348,1968,1984
1610612741,Chicago,Bulls,San Jose Arena,San Jose,home,Regular Season,1,1,0,1.0,1997,1997
1610612741,Chicago,Bulls,Scotiabank Arena,Toronto,home,Regular Season,46,22,24,0.478,2000,2026
1610612741,Chicago,Bulls,Seattle Center Coliseum,Seattle,home,Regular Season,25,13,12,0.52,1968,1975
1610612741,Chicago,Bulls,SkyDome,Toronto,home,Regular Season,8,5,3,0.625,1996,1999
1610612741,Chicago,Bulls,Sleep Train Arena,Sacramento,home,Regular Season,27,13,14,0.481,1989,2016
1610612741,Chicago,Bulls,Smoothie King Center,New Orleans,home,Regular Season,24,12,12,0.5,2003,2026
1610612741,Chicago,Bulls,Spectrum Center,Charlotte,home,Regular Season,39,22,17,0.564,2006,2026
1610612741,Chicago,Bulls,State Farm Arena,Atlanta,home,Playoffs,3,2,1,0.667,2011,2011
1610612741,Chicago,Bulls,State Farm Arena,Atlanta,home,Regular Season,50,25,25,0.5,2000,2026
1610612741,Chicago,Bulls,TD Garden,Boston,home,Playoffs,7,3,4,0.429,2009,2017
1610612741,Chicago,Bulls,TD Garden,Boston,home,Regular Season,53,21,32,0.396,1996,2026
1610612741,Chicago,Bulls,Tacoma Dome,Tacoma,home,Regular Season,1,0,1,0.0,1995,1995
1610612741,Chicago,Bulls,Target Center,Minneapolis,home,Regular Season,35,17,18,0.486,1991,2026
1610612741,Chicago,Bulls,The Forum,Inglewood,home,Playoffs,16,3,13,0.188,1968,1991
1610612741,Chicago,Bulls,The Forum,Inglewood,home,Regular Season,54,19,35,0.352,1968,1998
1610612741,Chicago,Bulls,The Omni,Atlanta,home,Playoffs,3,3,0,1.0,1993,1997
1610612741,Chicago,Bulls,The Omni,Atlanta,home,Regular Season,62,30,32,0.484,1972,1997
1610612741,Chicago,Bulls,The Palace of Auburn Hills,Auburn Hills,home,Playoffs,12,4,8,0.333,1989,2007
1610612741,Chicago,Bulls,The Palace of Auburn Hills,Auburn Hills,home,Regular Season,60,28,32,0.467,1989,2017
1610612741,Chicago,Bulls,The Spectrum,Philadelphia,home,Playoffs,4,2,2,0.5,1990,1991
1610612741,Chicago,Bulls,The Spectrum,Philadelphia,home,Regular Season,68,21,47,0.309,1968,1996
1610612741,Chicago,Bulls,The Summit,Houston,home,Regular Season,31,7,24,0.226,1976,2003
1610612741,Chicago,Bulls,Toyota Center,Houston,home,Regular Season,21,6,15,0.286,2004,2026
1610612741,Chicago,Bulls,United Center,Chicago,home,Playoffs,85,56,29,0.659,1995,2022
1610612741,Chicago,Bulls,United Center,Chicago,home,Regular Season,1274,730,544,0.573,1995,2026
1610612741,Chicago,Bulls,Xfinity Mobile Arena,Philadelphia,home,Playoffs,3,0,3,0.0,2012,2012
1610612741,Chicago,Bulls,Xfinity Mobile Arena,Philadelphia,home,Regular Season,52,25,27,0.481,1997,2026
1610612739,Cleveland,Cavaliers,ARCO Arena I,Sacramento,home,Regular Season,3,2,1,0.667,1986,1988
1610612739,Cleveland,Cavaliers,Alamodome,San Antonio,home,Regular Season,8,0,8,0.0,1994,2002
1610612739,Cleveland,Cavaliers,Alexander Memorial Coliseum,Atlanta,home,Regular Season,2,0,2,0.0,1971,1971
1610612739,Cleveland,Cavaliers,Amalie Arena,Tampa,home,Regular Season,1,0,1,0.0,2021,2021
1610612739,Cleveland,Cavaliers,American Airlines Center,Dallas,home,Regular Season,24,10,14,0.417,2002,2026
1610612739,Cleveland,Cavaliers,Amway Arena,Orlando,home,Playoffs,3,0,3,0.0,2009,2009
1610612739,Cleveland,Cavaliers,Amway Arena,Orlando,home,Regular Season,39,14,25,0.359,1990,2010
1610612739,Cleveland,Cavaliers,Arizona Veterans Memorial Coliseum,Phoenix,home,Regular Season,30,4,26,0.133,1971,1992
1610612739,Cleveland,Cavaliers,Ball Arena,Denver,home,Regular Season,27,12,15,0.444,2000,2026
1610612739,Cleveland,Cavaliers,Baltimore Civic Center,Baltimore,home,Regular Season,9,3,6,0.333,1971,1973
1610612739,Cleveland,Cavaliers,Barclays Center,Brooklyn,home,Regular Season,24,13,11,0.542,2013,2026
1610612739,Cleveland,Cavaliers,Boston Garden,Boston,home,Playoffs,8,1,7,0.125,1976,1992
1610612739,Cleveland,Cavaliers,Boston Garden,Boston,home,Regular Season,61,12,49,0.197,1971,1995
1610612739,Cleveland,Cavaliers,Bradley Center,Milwaukee,home,Regular Season,63,27,36,0.429,1989,2018
1610612739,Cleveland,Cavaliers,Buffalo Memorial Auditorium,Buffalo,home,Regular Season,23,9,14,0.391,1971,1978
1610612739,Cleveland,Cavaliers,Capital Centre,Landover,home,Playoffs,5,1,4,0.2,1976,1977
1610612739,Cleveland,Cavaliers,Capital Centre,Landover,home,Regular Season,61,23,38,0.377,1974,1997
1610612739,Cleveland,Cavaliers,Capital One Arena,Washington,home,Playoffs,8,6,2,0.75,2006,2008
1610612739,Cleveland,Cavaliers,Capital One Arena,Washington,home,Regular Season,53,25,28,0.472,1998,2026
1610612739,Cleveland,Cavaliers,Charlotte Coliseum,Charlotte,home,Regular Season,31,11,20,0.355,1989,2005
1610612739,Cleveland,Cavaliers,Chase Center,San Francisco,home,Regular Season,6,3,3,0.5,2021,2026
1610612739,Cleveland,Cavaliers,Chicago Stadium,Chicago,home,Playoffs,12,2,10,0.167,1988,1994
1610612739,Cleveland,Cavaliers,Chicago Stadium,Chicago,home,Regular Season,58,17,41,0.293,1971,1994
1610612739,Cleveland,Cavaliers,Cincinnati Gardens,Cincinnati,home,Regular Season,7,0,7,0.0,1971,1972
1610612739,Cleveland,Cavaliers,Cleveland Arena,Cleveland,home,Regular Season,123,44,79,0.358,1971,1973
1610612739,Cleveland,Cavaliers,Cobo Arena,Detroit,home,Regular Season,16,6,10,0.375,1971,1978
1610612739,Cleveland,Cavaliers,Cow Palace,San Francisco,home,Regular Season,2,0,2,0.0,1971,1971
1610612739,Cleveland,Cavaliers,Crypto.com Arena,Los Angeles,home,Regular Season,51,20,31,0.392,2000,2026
1610612739,Cleveland,Cavaliers,Delta Center,Salt Lake City,home,Regular Season,34,9,25,0.265,1992,2026
1610612739,Cleveland,Cavaliers,FedExForum,Memphis,home,Regular Season,22,11,11,0.5,2005,2026
1610612739,Cleveland,Cavaliers,Fiserv Forum,Milwaukee,home,Regular Season,15,5,10,0.333,2019,2026
1610612739,Cleveland,Cavaliers,Frost Bank Center,San Antonio,home,Playoffs,2,0,2,0.0,2007,2007
1610612739,Cleveland,Cavaliers,Frost Bank Center,San Antonio,home,Regular Season,24,10,14,0.417,2003,2026
1610612739,Cleveland,Cavaliers,Gainbridge Fieldhouse,Indianapolis,home,Playoffs,7,4,3,0.571,2017,2025
1610612739,Cleveland,Cavaliers,Gainbridge Fieldhouse,Indianapolis,home,Regular Season,51,20,31,0.392,2000,2026
1610612739,Cleveland,Cavaliers,Georgia Dome,Atlanta,home,Regular Season,3,0,3,0.0,1998,1999
1610612739,Cleveland,Cavaliers,Golden 1 Center,Sacramento,home,Regular Season,9,3,6,0.333,2017,2026
1610612739,Cleveland,Cavaliers,HemisFair Arena,San Antonio,home,Regular Season,22,3,19,0.136,1977,1993
1610612739,Cleveland,Cavaliers,Hofheinz Pavilion,Houston,home,Regular Season,13,6,7,0.462,1972,1975
1610612739,Cleveland,Cavaliers,Hubert H. Humphrey Metrodome,Minneapolis,home,Regular Season,1,1,0,1.0,1990,1990
1610612739,Cleveland,Cavaliers,Intuit Dome,Inglewood,home,Regular Season,2,1,1,0.5,2025,2026
1610612739,Cleveland,Cavaliers,Izod Center,East Rutherford,home,Playoffs,7,4,3,0.571,1992,2007
1610612739,Cleveland,Cavaliers,Izod Center,East Rutherford,home,Regular Season,60,24,36,0.4,1982,2010
1610612739,Cleveland,Cavaliers,Kaseya Center,Miami,home,Playoffs,2,2,0,1.0,2025,2025
1610612739,Cleveland,Cavaliers,Kaseya Center,Miami,home,Regular Season,50,12,38,0.24,2000,2026
1610612739,Cleveland,Cavaliers,Kemper Arena,Kansas City,home,Regular Season,13,4,9,0.308,1976,1985
1610612739,Cleveland,Cavaliers,KeyArena,Seattle,home,Regular Season,21,3,18,0.143,1986,2008
1610612739,Cleveland,Cavaliers,Kia Center,Orlando,home,Playoffs,3,0,3,0.0,2024,2024
1610612739,Cleveland,Cavaliers,Kia Center,Orlando,home,Regular Season,28,14,14,0.5,2011,2026
1610612739,Cleveland,Cavaliers,Kingdome,Seattle,home,Regular Season,6,1,5,0.167,1980,1985
1610612739,Cleveland,Cavaliers,LA Memorial Sports Arena,Los Angeles,home,Regular Season,14,8,6,0.571,1985,1998
1610612739,Cleveland,Cavaliers,Little Caesars Arena,Detroit,home,Playoffs,4,2,2,0.5,2026,2026
1610612739,Cleveland,Cavaliers,Little Caesars Arena,Detroit,home,Regular Season,18,10,8,0.556,2018,2026
1610612739,Cleveland,Cavaliers,Louisiana Superdome,New Orleans,home,Regular Season,10,5,5,0.5,1976,1979
1610612739,Cleveland,Cavaliers,MECCA Arena,Milwaukee,home,Regular Season,43,9,34,0.209,1971,1988
1610612739,Cleveland,Cavaliers,Madison Square Garden,New York,home,Playoffs,8,1,7,0.125,1978,2026
1610612739,Cleveland,Cavaliers,Madison Square Garden,New York,home,Regular Season,116,43,73,0.371,1971,2026
1610612739,Cleveland,Cavaliers,Market Square Arena,Indianapolis,home,Playoffs,2,0,2,0.0,1998,1998
1610612739,Cleveland,Cavaliers,Market Square Arena,Indianapolis,home,Regular Season,55,20,35,0.364,1977,1999
1610612739,Cleveland,Cavaliers,McNichols Sports Arena,Denver,home,Regular Season,25,5,20,0.2,1977,1998
1610612739,Cleveland,Cavaliers,Memorial Coliseum,Portland,home,Regular Season,39,12,27,0.308,1971,1995
1610612739,Cleveland,Cavaliers,Miami Arena,Miami,home,Regular Season,20,6,14,0.3,1989,1999
1610612739,Cleveland,Cavaliers,Moda Center,Portland,home,Regular Season,29,11,18,0.379,1996,2026
1610612739,Cleveland,Cavaliers,Mortgage Matchup Center,Phoenix,home,Regular Season,33,13,20,0.394,1993,2026
1610612739,Cleveland,Cavaliers,Municipal Auditorium,Kansas City,home,Regular Season,10,3,7,0.3,1973,1980
1610612739,Cleveland,Cavaliers,Nassau Veterans Memorial Coliseum,Uniondale,home,Regular Season,2,2,0,1.0,1977,1977
1610612739,Cleveland,Cavaliers,Oracle Arena,Oakland,home,Playoffs,12,3,9,0.25,2015,2018
1610612739,Cleveland,Cavaliers,Oracle Arena,Oakland,home,Regular Season,52,18,34,0.346,1972,2019
1610612739,Cleveland,Cavaliers,Paycom Center,Oklahoma City,home,Regular Season,20,9,11,0.45,2006,2026
1610612739,Cleveland,Cavaliers,Pontiac Silverdome,Pontiac,home,Regular Season,29,6,23,0.207,1979,1988
1610612739,Cleveland,Cavaliers,Prudential Center,Newark,home,Regular Season,4,2,2,0.5,2011,2012
1610612739,Cleveland,Cavaliers,Pyramid Arena,Memphis,home,Regular Season,3,0,3,0.0,2002,2004
1610612739,Cleveland,Cavaliers,Reunion Arena,Dallas,home,Regular Season,20,12,8,0.6,1981,2001
1610612739,Cleveland,Cavaliers,Richfield Coliseum,Richfield,home,Playoffs,33,20,13,0.606,1976,1994
1610612739,Cleveland,Cavaliers,Richfield Coliseum,Richfield,home,Regular Season,862,528,334,0.613,1974,1994
1610612739,Cleveland,Cavaliers,Rocket Arena,Cleveland,home,Playoffs,103,70,33,0.68,1995,2026
1610612739,Cleveland,Cavaliers,Rocket Arena,Cleveland,home,Regular Season,1275,766,509,0.601,1995,2026
1610612739,Cleveland,Cavaliers,Rogers Arena,Vancouver,home,Regular Season,5,4,1,0.8,1996,2001
1610612739,Cleveland,Cavaliers,Rutgers Athletic Center,Piscataway,home,Regular Season,10,4,6,0.4,1978,1981
1610612739,Cleveland,Cavaliers,Salt Palace,Salt Lake City,home,Regular Season,12,3,9,0.25,1980,1991
1610612739,Cleveland,Cavaliers,San Diego Sports Arena,San Diego,home,Regular Season,9,1,8,0.111,1971,1984
1610612739,Cleveland,Cavaliers,San Jose Arena,San Jose,home,Regular Season,1,0,1,0.0,1997,1997
1610612739,Cleveland,Cavaliers,Scotiabank Arena,Toronto,home,Playoffs,10,5,5,0.5,2016,2026
1610612739,Cleveland,Cavaliers,Scotiabank Arena,Toronto,home,Regular Season,48,20,28,0.417,2000,2026
1610612739,Cleveland,Cavaliers,Seattle Center Coliseum,Seattle,home,Regular Season,10,2,8,0.2,1971,1975
1610612739,Cleveland,Cavaliers,SkyDome,Toronto,home,Regular Season,8,6,2,0.75,1996,1999
1610612739,Cleveland,Cavaliers,Sleep Train Arena,Sacramento,home,Regular Season,26,13,13,0.5,1989,2016
1610612739,Cleveland,Cavaliers,Smoothie King Center,New Orleans,home,Regular Season,23,7,16,0.304,2003,2026
1610612739,Cleveland,Cavaliers,Spectrum Center,Charlotte,home,Regular Season,36,21,15,0.583,2006,2026
1610612739,Cleveland,Cavaliers,State Farm Arena,Atlanta,home,Playoffs,6,6,0,1.0,2009,2016
1610612739,Cleveland,Cavaliers,State Farm Arena,Atlanta,home,Regular Season,47,17,30,0.362,2000,2026
1610612739,Cleveland,Cavaliers,TD Garden,Boston,home,Playoffs,19,8,11,0.421,2008,2024
1610612739,Cleveland,Cavaliers,TD Garden,Boston,home,Regular Season,54,16,38,0.296,1996,2026
1610612739,Cleveland,Cavaliers,Tacoma Dome,Tacoma,home,Regular Season,1,0,1,0.0,1995,1995
1610612739,Cleveland,Cavaliers,Target Center,Minneapolis,home,Regular Season,35,19,16,0.543,1991,2026
1610612739,Cleveland,Cavaliers,The Forum,Inglewood,home,Regular Season,37,11,26,0.297,1971,1998
1610612739,Cleveland,Cavaliers,The Omni,Atlanta,home,Regular Season,70,24,46,0.343,1972,1997
1610612739,Cleveland,Cavaliers,The Palace of Auburn Hills,Auburn Hills,home,Playoffs,11,6,5,0.545,2006,2016
1610612739,Cleveland,Cavaliers,The Palace of Auburn Hills,Auburn Hills,home,Regular Season,60,20,40,0.333,1989,2017
1610612739,Cleveland,Cavaliers,The Spectrum,Philadelphia,home,Playoffs,3,0,3,0.0,1990,1990
1610612739,Cleveland,Cavaliers,The Spectrum,Philadelphia,home,Regular Season,64,24,40,0.375,1971,1996
1610612739,Cleveland,Cavaliers,The Summit,Houston,home,Regular Season,35,6,29,0.171,1976,2003
1610612739,Cleveland,Cavaliers,Toyota Center,Houston,home,Regular Season,21,4,17,0.19,2004,2026
1610612739,Cleveland,Cavaliers,United Center,Chicago,home,Playoffs,5,3,2,0.6,2010,2015
1610612739,Cleveland,Cavaliers,United Center,Chicago,home,Regular Season,64,25,39,0.391,1995,2026
1610612739,Cleveland,Cavaliers,Xfinity Mobile Arena,Philadelphia,home,Regular Season,53,24,29,0.453,1997,2026
1610612738,Boston,Celtics,ARCO Arena I,Sacramento,home,Regular Season,3,2,1,0.667,1986,1988
1610612738,Boston,Celtics,Alamodome,San Antonio,home,Regular Season,8,0,8,0.0,1994,2002
1610612738,Boston,Celtics,Alexander Memorial Coliseum,Atlanta,home,Regular Season,9,3,6,0.333,1969,1971
1610612738,Boston,Celtics,Amalie Arena,Tampa,home,Regular Season,1,1,0,1.0,2021,2021
1610612738,Boston,Celtics,American Airlines Center,Dallas,home,Playoffs,2,1,1,0.5,2024,2024
1610612738,Boston,Celtics,American Airlines Center,Dallas,home,Regular Season,25,10,15,0.4,2002,2026
1610612738,Boston,Celtics,Amway Arena,Orlando,home,Playoffs,8,4,4,0.5,1995,2010
1610612738,Boston,Celtics,Amway Arena,Orlando,home,Regular Season,42,14,28,0.333,1990,2010
1610612738,Boston,Celtics,Arizona Veterans Memorial Coliseum,Phoenix,home,Playoffs,3,1,2,0.333,1976,1976
1610612738,Boston,Celtics,Arizona Veterans Memorial Coliseum,Phoenix,home,Regular Season,38,19,19,0.5,1969,1992
1610612738,Boston,Celtics,Ball Arena,Denver,home,Regular Season,27,11,16,0.407,2000,2026
1610612738,Boston,Celtics,Baltimore Civic Center,Baltimore,home,Regular Season,40,21,19,0.525,1964,1973
1610612738,Boston,Celtics,Barclays Center,Brooklyn,home,Playoffs,5,2,3,0.4,2021,2022
1610612738,Boston,Celtics,Barclays Center,Brooklyn,home,Regular Season,27,18,9,0.667,2013,2026
1610612738,Boston,Celtics,Boston Garden,Boston,home,Playoffs,199,147,52,0.739,1962,1995
1610612738,Boston,Celtics,Boston Garden,Boston,home,Regular Season,1383,1069,314,0.773,1962,1995
1610612738,Boston,Celtics,Bradley Center,Milwaukee,home,Playoffs,3,0,3,0.0,2018,2018
1610612738,Boston,Celtics,Bradley Center,Milwaukee,home,Regular Season,53,20,33,0.377,1989,2018
1610612738,Boston,Celtics,Buffalo Memorial Auditorium,Buffalo,home,Playoffs,6,2,4,0.333,1974,1976
1610612738,Boston,Celtics,Buffalo Memorial Auditorium,Buffalo,home,Regular Season,25,17,8,0.68,1971,1978
1610612738,Boston,Celtics,Capital Centre,Landover,home,Playoffs,7,3,4,0.429,1975,1984
1610612738,Boston,Celtics,Capital Centre,Landover,home,Regular Season,62,33,29,0.532,1974,1997
1610612738,Boston,Celtics,Capital One Arena,Washington,home,Playoffs,3,0,3,0.0,2017,2017
1610612738,Boston,Celtics,Capital One Arena,Washington,home,Regular Season,53,28,25,0.528,1998,2026
1610612738,Boston,Celtics,Charlotte Coliseum,Charlotte,home,Playoffs,2,0,2,0.0,1993,1993
1610612738,Boston,Celtics,Charlotte Coliseum,Charlotte,home,Regular Season,29,14,15,0.483,1989,2005
1610612738,Boston,Celtics,Chase Center,San Francisco,home,Playoffs,3,1,2,0.333,2022,2022
1610612738,Boston,Celtics,Chase Center,San Francisco,home,Regular Season,7,5,2,0.714,2020,2026
1610612738,Boston,Celtics,Chicago Stadium,Chicago,home,Playoffs,4,4,0,1.0,1981,1987
1610612738,Boston,Celtics,Chicago Stadium,Chicago,home,Regular Season,69,36,33,0.522,1967,1994
1610612738,Boston,Celtics,Cincinnati Gardens,Cincinnati,home,Playoffs,7,5,2,0.714,1963,1966
1610612738,Boston,Celtics,Cincinnati Gardens,Cincinnati,home,Regular Season,47,24,23,0.511,1962,1972
1610612738,Boston,Celtics,Cleveland Arena,Cleveland,home,Regular Season,8,6,2,0.75,1971,1973
1610612738,Boston,Celtics,Cobo Arena,Detroit,home,Playoffs,3,2,1,0.667,1968,1968
1610612738,Boston,Celtics,Cobo Arena,Detroit,home,Regular Season,52,36,16,0.692,1962,1978
1610612738,Boston,Celtics,Cow Palace,San Francisco,home,Playoffs,2,1,1,0.5,1964,1964
1610612738,Boston,Celtics,Cow Palace,San Francisco,home,Regular Season,35,20,15,0.571,1963,1971
1610612738,Boston,Celtics,Crypto.com Arena,Los Angeles,home,Playoffs,7,2,5,0.286,2008,2010
1610612738,Boston,Celtics,Crypto.com Arena,Los Angeles,home,Regular Season,52,23,29,0.442,2000,2026
1610612738,Boston,Celtics,Delta Center,Salt Lake City,home,Regular Season,33,14,19,0.424,1992,2026
1610612738,Boston,Celtics,FedExForum,Memphis,home,Regular Season,20,13,7,0.65,2005,2026
1610612738,Boston,Celtics,Fiserv Forum,Milwaukee,home,Playoffs,6,3,3,0.5,2019,2022
1610612738,Boston,Celtics,Fiserv Forum,Milwaukee,home,Regular Season,14,5,9,0.357,2019,2026
1610612738,Boston,Celtics,Frost Bank Center,San Antonio,home,Regular Season,23,9,14,0.391,2003,2026
1610612738,Boston,Celtics,Gainbridge Fieldhouse,Indianapolis,home,Playoffs,12,7,5,0.583,2003,2024
1610612738,Boston,Celtics,Gainbridge Fieldhouse,Indianapolis,home,Regular Season,48,22,26,0.458,2000,2026
1610612738,Boston,Celtics,Georgia Dome,Atlanta,home,Regular Season,4,1,3,0.25,1998,1999
1610612738,Boston,Celtics,Golden 1 Center,Sacramento,home,Regular Season,10,7,3,0.7,2017,2026
1610612738,Boston,Celtics,HemisFair Arena,San Antonio,home,Playoffs,1,1,0,1.0,1977,1977
1610612738,Boston,Celtics,HemisFair Arena,San Antonio,home,Regular Season,22,13,9,0.591,1977,1993
1610612738,Boston,Celtics,Hofheinz Pavilion,Houston,home,Playoffs,2,1,1,0.5,1975,1975
1610612738,Boston,Celtics,Hofheinz Pavilion,Houston,home,Regular Season,10,8,2,0.8,1972,1975
1610612738,Boston,Celtics,Hubert H. Humphrey Metrodome,Minneapolis,home,Regular Season,1,0,1,0.0,1990,1990
1610612738,Boston,Celtics,Intuit Dome,Inglewood,home,Regular Season,2,2,0,1.0,2025,2026
1610612738,Boston,Celtics,Izod Center,East Rutherford,home,Playoffs,5,1,4,0.2,2002,2003
1610612738,Boston,Celtics,Izod Center,East Rutherford,home,Regular Season,68,42,26,0.618,1982,2010
1610612738,Boston,Celtics,Kaseya Center,Miami,home,Playoffs,18,9,9,0.5,2010,2024
1610612738,Boston,Celtics,Kaseya Center,Miami,home,Regular Season,49,30,19,0.612,2000,2026
1610612738,Boston,Celtics,Kemper Arena,Kansas City,home,Regular Season,13,5,8,0.385,1976,1985
1610612738,Boston,Celtics,KeyArena,Seattle,home,Regular Season,21,10,11,0.476,1986,2008
1610612738,Boston,Celtics,Kia Center,Orlando,home,Playoffs,2,1,1,0.5,2025,2025
1610612738,Boston,Celtics,Kia Center,Orlando,home,Regular Season,24,13,11,0.542,2011,2026
1610612738,Boston,Celtics,Kiel Auditorium,St. Louis,home,Regular Season,32,16,16,0.5,1962,1968
1610612738,Boston,Celtics,Kingdome,Seattle,home,Regular Season,6,3,3,0.5,1980,1985
1610612738,Boston,Celtics,LA Memorial Sports Arena,Los Angeles,home,Playoffs,11,7,4,0.636,1962,1966
1610612738,Boston,Celtics,LA Memorial Sports Arena,Los Angeles,home,Regular Season,41,24,17,0.585,1962,1998
1610612738,Boston,Celtics,Little Caesars Arena,Detroit,home,Regular Season,15,10,5,0.667,2018,2026
1610612738,Boston,Celtics,Louisiana Superdome,New Orleans,home,Regular Season,9,3,6,0.333,1976,1979
1610612738,Boston,Celtics,MECCA Arena,Milwaukee,home,Playoffs,13,7,6,0.538,1974,1987
1610612738,Boston,Celtics,MECCA Arena,Milwaukee,home,Regular Season,51,20,31,0.392,1969,1988
1610612738,Boston,Celtics,Madison Square Garden,New York,home,Playoffs,25,9,16,0.36,1969,2025
1610612738,Boston,Celtics,Madison Square Garden,New York,home,Regular Season,139,71,68,0.511,1969,2026
1610612738,Boston,Celtics,Madison Square Garden III,New York,home,Playoffs,2,2,0,1.0,1967,1967
1610612738,Boston,Celtics,Madison Square Garden III,New York,home,Regular Season,38,27,11,0.711,1962,1968
1610612738,Boston,Celtics,Market Square Arena,Indianapolis,home,Playoffs,3,2,1,0.667,1991,1992
1610612738,Boston,Celtics,Market Square Arena,Indianapolis,home,Regular Season,52,20,32,0.385,1977,1999
1610612738,Boston,Celtics,McNichols Sports Arena,Denver,home,Regular Season,25,10,15,0.4,1977,1998
1610612738,Boston,Celtics,Memorial Coliseum,Portland,home,Regular Season,35,19,16,0.543,1971,1995
1610612738,Boston,Celtics,Miami Arena,Miami,home,Regular Season,24,14,10,0.583,1989,1999
1610612738,Boston,Celtics,Moda Center,Portland,home,Regular Season,30,17,13,0.567,1996,2026
1610612738,Boston,Celtics,Mortgage Matchup Center,Phoenix,home,Regular Season,32,15,17,0.469,1993,2026
1610612738,Boston,Celtics,Municipal Auditorium,Kansas City,home,Regular Season,9,6,3,0.667,1973,1980
1610612738,Boston,Celtics,Nassau Veterans Memorial Coliseum,Uniondale,home,Regular Season,2,1,1,0.5,1977,1977
1610612738,Boston,Celtics,Onondaga County War Memorial,Syracuse,home,Regular Season,12,5,7,0.417,1962,1963
1610612738,Boston,Celtics,Oracle Arena,Oakland,home,Regular Season,54,24,30,0.444,1972,2019
1610612738,Boston,Celtics,Orlando Bubble,Bay Lake,bubble,Playoffs,17,10,7,0.588,2021,2021
1610612738,Boston,Celtics,Orlando Bubble,Bay Lake,bubble,Regular Season,8,5,3,0.625,2020,2021
1610612738,Boston,Celtics,Paycom Center,Oklahoma City,home,Regular Season,20,10,10,0.5,2006,2026
1610612738,Boston,Celtics,Philadelphia Arena,Philadelphia,home,Playoffs,12,2,10,0.167,1962,1967
1610612738,Boston,Celtics,Philadelphia Arena,Philadelphia,home,Regular Season,27,12,15,0.444,1962,1967
1610612738,Boston,Celtics,Pontiac Silverdome,Pontiac,home,Playoffs,9,2,7,0.222,1985,1988
1610612738,Boston,Celtics,Pontiac Silverdome,Pontiac,home,Regular Season,28,16,12,0.571,1979,1988
1610612738,Boston,Celtics,Prudential Center,Newark,home,Regular Season,3,2,1,0.667,2011,2012
1610612738,Boston,Celtics,Pyramid Arena,Memphis,home,Regular Season,3,3,0,1.0,2002,2004
1610612738,Boston,Celtics,Reunion Arena,Dallas,home,Regular Season,20,11,9,0.55,1981,2001
1610612738,Boston,Celtics,Richfield Coliseum,Richfield,home,Playoffs,9,3,6,0.333,1976,1992
1610612738,Boston,Celtics,Richfield Coliseum,Richfield,home,Regular Season,51,27,24,0.529,1974,1994
1610612738,Boston,Celtics,Rocket Arena,Cleveland,home,Playoffs,15,5,10,0.333,2008,2024
1610612738,Boston,Celtics,Rocket Arena,Cleveland,home,Regular Season,59,24,35,0.407,1995,2026
1610612738,Boston,Celtics,Rogers Arena,Vancouver,home,Regular Season,6,3,3,0.5,1996,2001
1610612738,Boston,Celtics,Rutgers Athletic Center,Piscataway,home,Regular Season,10,7,3,0.7,1978,1981
1610612738,Boston,Celtics,Salt Palace,Salt Lake City,home,Regular Season,12,6,6,0.5,1980,1991
1610612738,Boston,Celtics,San Diego Sports Arena,San Diego,home,Regular Season,20,10,10,0.5,1968,1984
1610612738,Boston,Celtics,San Jose Arena,San Jose,home,Regular Season,1,0,1,0.0,1997,1997
1610612738,Boston,Celtics,Scotiabank Arena,Toronto,home,Regular Season,49,22,27,0.449,2000,2026
1610612738,Boston,Celtics,Seattle Center Coliseum,Seattle,home,Regular Season,22,12,10,0.545,1968,1975
1610612738,Boston,Celtics,SkyDome,Toronto,home,Regular Season,8,6,2,0.75,1996,1999
1610612738,Boston,Celtics,Sleep Train Arena,Sacramento,home,Regular Season,27,9,18,0.333,1989,2015
1610612738,Boston,Celtics,Smoothie King Center,New Orleans,home,Regular Season,24,12,12,0.5,2003,2026
1610612738,Boston,Celtics,Spectrum Center,Charlotte,home,Regular Season,36,25,11,0.694,2006,2026
1610612738,Boston,Celtics,State Farm Arena,Atlanta,home,Playoffs,12,3,9,0.25,2008,2023
1610612738,Boston,Celtics,State Farm Arena,Atlanta,home,Regular Season,48,23,25,0.479,2000,2026
1610612738,Boston,Celtics,TD Garden,Boston,home,Playoffs,146,94,52,0.644,2002,2026
1610612738,Boston,Celtics,TD Garden,Boston,home,Regular Season,1230,765,465,0.622,1996,2026
1610612738,Boston,Celtics,Tacoma Dome,Tacoma,home,Regular Season,1,0,1,0.0,1995,1995
1610612738,Boston,Celtics,Target Center,Minneapolis,home,Regular Season,35,21,14,0.6,1991,2026
1610612738,Boston,Celtics,The Forum,Inglewood,home,Playoffs,16,5,11,0.312,1968,1987
1610612738,Boston,Celtics,The Forum,Inglewood,home,Regular Season,46,20,26,0.435,1968,1998
1610612738,Boston,Celtics,The O2 Arena,London,neutral,Regular Season,1,1,0,1.0,2018,2018
1610612738,Boston,Celtics,The Omni,Atlanta,home,Playoffs,12,5,7,0.417,1972,1988
1610612738,Boston,Celtics,The Omni,Atlanta,home,Regular Season,62,33,29,0.532,1972,1997
1610612738,Boston,Celtics,The Palace of Auburn Hills,Auburn Hills,home,Playoffs,11,5,6,0.455,1989,2008
1610612738,Boston,Celtics,The Palace of Auburn Hills,Auburn Hills,home,Regular Season,52,17,35,0.327,1989,2017
1610612738,Boston,Celtics,The Spectrum,Philadelphia,home,Playoffs,21,10,11,0.476,1968,1985
1610612738,Boston,Celtics,The Spectrum,Philadelphia,home,Regular Season,84,38,46,0.452,1968,1996
1610612738,Boston,Celtics,The Summit,Houston,home,Playoffs,8,5,3,0.625,1980,1986
1610612738,Boston,Celtics,The Summit,Houston,home,Regular Season,33,16,17,0.485,1976,2003
1610612738,Boston,Celtics,Toyota Center,Houston,home,Regular Season,22,12,10,0.545,2004,2026
1610612738,Boston,Celtics,United Center,Chicago,home,Playoffs,6,4,2,0.667,2009,2017
1610612738,Boston,Celtics,United Center,Chicago,home,Regular Season,57,19,38,0.333,1995,2026
1610612738,Boston,Celtics,Xfinity Mobile Arena,Philadelphia,home,Playoffs,13,6,7,0.462,2002,2026
1610612738,Boston,Celtics,Xfinity Mobile Arena,Philadelphia,home,Regular Season,58,31,27,0.534,1997,2026
1610612746,LA,Clippers,ARCO Arena I,Sacramento,home,Regular Season,8,4,4,0.5,1986,1988
1610612746,LA,Clippers,Alamodome,San Antonio,home,Regular Season,18,3,15,0.167,1994,2002
1610612746,LA,Clippers,Alexander Memorial Coliseum,Atlanta,home,Regular Season,2,0,2,0.0,1971,1971
1610612746,LA,Clippers,Amalie Arena,Tampa,home,Regular Season,1,1,0,1.0,2021,2021
1610612746,LA,Clippers,American Airlines Center,Dallas,home,Playoffs,6,4,2,0.667,2021,2024
1610612746,LA,Clippers,American Airlines Center,Dallas,home,Regular Season,45,18,27,0.4,2002,2026
1610612746,LA,Clippers,Amway Arena,Orlando,home,Regular Season,21,6,15,0.286,1990,2010
1610612746,LA,Clippers,Arizona Veterans Memorial Coliseum,Phoenix,home,Regular Season,55,11,44,0.2,1971,1992
1610612746,LA,Clippers,Ball Arena,Denver,home,Playoffs,6,2,4,0.333,2006,2025
1610612746,LA,Clippers,Ball Arena,Denver,home,Regular Season,47,12,35,0.255,2000,2026
1610612746,LA,Clippers,Baltimore Civic Center,Baltimore,home,Regular Season,8,2,6,0.25,1971,1973
1610612746,LA,Clippers,Barclays Center,Brooklyn,home,Regular Season,13,7,6,0.538,2013,2026
1610612746,LA,Clippers,Boston Garden,Boston,home,Playoffs,6,0,6,0.0,1974,1976
1610612746,LA,Clippers,Boston Garden,Boston,home,Regular Season,41,7,34,0.171,1971,1995
1610612746,LA,Clippers,Bradley Center,Milwaukee,home,Regular Season,28,13,15,0.464,1989,2018
1610612746,LA,Clippers,Buffalo Memorial Auditorium,Buffalo,home,Playoffs,10,6,4,0.6,1974,1976
1610612746,LA,Clippers,Buffalo Memorial Auditorium,Buffalo,home,Regular Season,327,170,157,0.52,1971,1978
1610612746,LA,Clippers,Capital Centre,Landover,home,Playoffs,4,1,3,0.25,1975,1975
1610612746,LA,Clippers,Capital Centre,Landover,home,Regular Season,32,8,24,0.25,1974,1997
1610612746,LA,Clippers,Capital One Arena,Washington,home,Regular Season,28,14,14,0.5,1998,2026
1610612746,LA,Clippers,Charlotte Coliseum,Charlotte,home,Regular Season,15,4,11,0.267,1989,2005
1610612746,LA,Clippers,Chase Center,San Francisco,home,Regular Season,14,7,7,0.5,2020,2026
1610612746,LA,Clippers,Chicago Stadium,Chicago,home,Regular Season,36,6,30,0.167,1971,1994
1610612746,LA,Clippers,Cincinnati Gardens,Cincinnati,home,Regular Season,5,1,4,0.2,1971,1972
1610612746,LA,Clippers,Cleveland Arena,Cleveland,home,Regular Season,12,4,8,0.333,1971,1973
1610612746,LA,Clippers,Cobo Arena,Detroit,home,Regular Season,18,4,14,0.222,1971,1978
1610612746,LA,Clippers,Cow Palace,San Francisco,home,Regular Season,2,0,2,0.0,1971,1971
1610612746,LA,Clippers,Crypto.com Arena,Los Angeles,home,Playoffs,53,26,27,0.491,2006,2024
1610612746,LA,Clippers,Crypto.com Arena,Los Angeles,home,Regular Season,1052,609,443,0.579,2000,2026
1610612746,LA,Clippers,Delta Center,Salt Lake City,home,Playoffs,11,3,8,0.273,1992,2021
1610612746,LA,Clippers,Delta Center,Salt Lake City,home,Regular Season,63,13,50,0.206,1992,2026
1610612746,LA,Clippers,FedExForum,Memphis,home,Playoffs,7,2,5,0.286,2012,2013
1610612746,LA,Clippers,FedExForum,Memphis,home,Regular Season,39,20,19,0.513,2005,2026
1610612746,LA,Clippers,Fiserv Forum,Milwaukee,home,Regular Season,8,2,6,0.25,2019,2026
1610612746,LA,Clippers,Frost Bank Center,San Antonio,home,Playoffs,5,2,3,0.4,2012,2015
1610612746,LA,Clippers,Frost Bank Center,San Antonio,home,Regular Season,43,14,29,0.326,2003,2026
1610612746,LA,Clippers,Gainbridge Fieldhouse,Indianapolis,home,Regular Season,27,10,17,0.37,2000,2026
1610612746,LA,Clippers,Georgia Dome,Atlanta,home,Regular Season,1,0,1,0.0,1998,1998
1610612746,LA,Clippers,Golden 1 Center,Sacramento,home,Regular Season,18,15,3,0.833,2017,2026
1610612746,LA,Clippers,HemisFair Arena,San Antonio,home,Regular Season,37,5,32,0.135,1977,1993
1610612746,LA,Clippers,Hofheinz Pavilion,Houston,home,Regular Season,11,2,9,0.182,1972,1975
1610612746,LA,Clippers,Hubert H. Humphrey Metrodome,Minneapolis,home,Regular Season,2,1,1,0.5,1990,1990
1610612746,LA,Clippers,Intuit Dome,Inglewood,home,Playoffs,3,2,1,0.667,2025,2025
1610612746,LA,Clippers,Intuit Dome,Inglewood,home,Regular Season,81,52,29,0.642,2025,2026
1610612746,LA,Clippers,Izod Center,East Rutherford,home,Regular Season,28,5,23,0.179,1982,2010
1610612746,LA,Clippers,Kaseya Center,Miami,home,Regular Season,26,12,14,0.462,2000,2026
1610612746,LA,Clippers,Kemper Arena,Kansas City,home,Regular Season,19,5,14,0.263,1976,1985
1610612746,LA,Clippers,KeyArena,Seattle,home,Regular Season,49,8,41,0.163,1986,2008
1610612746,LA,Clippers,Kia Center,Orlando,home,Regular Season,16,12,4,0.75,2011,2026
1610612746,LA,Clippers,Kingdome,Seattle,home,Regular Season,18,3,15,0.167,1980,1985
1610612746,LA,Clippers,LA Memorial Sports Arena,Los Angeles,home,Playoffs,5,3,2,0.6,1992,1997
1610612746,LA,Clippers,LA Memorial Sports Arena,Los Angeles,home,Regular Season,599,268,331,0.447,1985,1999
1610612746,LA,Clippers,Little Caesars Arena,Detroit,home,Regular Season,8,7,1,0.875,2018,2026
1610612746,LA,Clippers,Louisiana Superdome,New Orleans,home,Regular Season,8,5,3,0.625,1976,1979
1610612746,LA,Clippers,MECCA Arena,Milwaukee,home,Regular Season,29,4,25,0.138,1971,1988
1610612746,LA,Clippers,Madison Square Garden,New York,home,Regular Season,73,27,46,0.37,1971,2026
1610612746,LA,Clippers,Market Square Arena,Indianapolis,home,Regular Season,25,5,20,0.2,1977,1998
1610612746,LA,Clippers,McNichols Sports Arena,Denver,home,Regular Season,51,12,39,0.235,1977,1999
1610612746,LA,Clippers,Memorial Coliseum,Portland,home,Regular Season,68,11,57,0.162,1971,1995
1610612746,LA,Clippers,Miami Arena,Miami,home,Regular Season,11,3,8,0.273,1989,1998
1610612746,LA,Clippers,Moda Center,Portland,home,Playoffs,3,0,3,0.0,2016,2016
1610612746,LA,Clippers,Moda Center,Portland,home,Regular Season,55,21,34,0.382,1996,2026
1610612746,LA,Clippers,Mortgage Matchup Center,Phoenix,home,Playoffs,10,3,7,0.3,2006,2023
1610612746,LA,Clippers,Mortgage Matchup Center,Phoenix,home,Regular Season,68,28,40,0.412,1993,2026
1610612746,LA,Clippers,Municipal Auditorium,Kansas City,home,Regular Season,11,4,7,0.364,1973,1980
1610612746,LA,Clippers,Nassau Veterans Memorial Coliseum,Uniondale,home,Regular Season,2,1,1,0.5,1977,1977
1610612746,LA,Clippers,Oracle Arena,Oakland,home,Playoffs,6,3,3,0.5,2014,2019
1610612746,LA,Clippers,Oracle Arena,Oakland,home,Regular Season,105,33,72,0.314,1972,2019
1610612746,LA,Clippers,Orlando Bubble,Bay Lake,bubble,Playoffs,13,7,6,0.538,2021,2021
1610612746,LA,Clippers,Orlando Bubble,Bay Lake,bubble,Regular Season,8,5,3,0.625,2020,2021
1610612746,LA,Clippers,Paycom Center,Oklahoma City,home,Playoffs,3,1,2,0.333,2014,2014
1610612746,LA,Clippers,Paycom Center,Oklahoma City,home,Regular Season,35,9,26,0.257,2006,2026
1610612746,LA,Clippers,Pontiac Silverdome,Pontiac,home,Regular Season,11,3,8,0.273,1979,1988
1610612746,LA,Clippers,Prudential Center,Newark,home,Regular Season,2,0,2,0.0,2011,2012
1610612746,LA,Clippers,Pyramid Arena,Memphis,home,Regular Season,6,1,5,0.167,2002,2004
1610612746,LA,Clippers,Reunion Arena,Dallas,home,Regular Season,46,14,32,0.304,1981,2001
1610612746,LA,Clippers,Richfield Coliseum,Richfield,home,Regular Season,29,9,20,0.31,1974,1994
1610612746,LA,Clippers,Rocket Arena,Cleveland,home,Regular Season,31,7,24,0.226,1995,2026
1610612746,LA,Clippers,Rogers Arena,Vancouver,home,Regular Season,12,5,7,0.417,1996,2001
1610612746,LA,Clippers,Rutgers Athletic Center,Piscataway,home,Regular Season,6,2,4,0.333,1978,1981
1610612746,LA,Clippers,Salt Palace,Salt Lake City,home,Regular Season,29,9,20,0.31,1980,1991
1610612746,LA,Clippers,San Diego Sports Arena,San Diego,home,Regular Season,248,129,119,0.52,1971,1984
1610612746,LA,Clippers,San Jose Arena,San Jose,home,Regular Season,2,1,1,0.5,1997,1997
1610612746,LA,Clippers,Scotiabank Arena,Toronto,home,Regular Season,25,10,15,0.4,2000,2026
1610612746,LA,Clippers,Seattle Center Coliseum,Seattle,home,Regular Season,9,3,6,0.333,1971,1975
1610612746,LA,Clippers,SkyDome,Toronto,home,Regular Season,4,1,3,0.25,1996,1999
1610612746,LA,Clippers,Sleep Train Arena,Sacramento,home,Regular Season,58,17,41,0.293,1989,2016
1610612746,LA,Clippers,Smoothie King Center,New Orleans,home,Regular Season,38,12,26,0.316,2003,2026
1610612746,LA,Clippers,Spectrum Center,Charlotte,home,Regular Season,20,15,5,0.75,2006,2026
1610612746,LA,Clippers,State Farm Arena,Atlanta,home,Regular Season,27,12,15,0.444,2000,2026
1610612746,LA,Clippers,TD Garden,Boston,home,Regular Season,30,11,19,0.367,1996,2026
1610612746,LA,Clippers,Tacoma Dome,Tacoma,home,Regular Season,3,0,3,0.0,1995,1995
1610612746,LA,Clippers,Target Center,Minneapolis,home,Regular Season,68,30,38,0.441,1991,2026
1610612746,LA,Clippers,The Forum,Inglewood,home,Regular Season,70,12,58,0.171,1971,1999
1610612746,LA,Clippers,The Omni,Atlanta,home,Regular Season,38,9,29,0.237,1972,1997
1610612746,LA,Clippers,The Palace of Auburn Hills,Auburn Hills,home,Regular Season,27,8,19,0.296,1989,2017
1610612746,LA,Clippers,The Spectrum,Philadelphia,home,Playoffs,2,2,0,1.0,1976,1976
1610612746,LA,Clippers,The Spectrum,Philadelphia,home,Regular Season,44,13,31,0.295,1971,1996
1610612746,LA,Clippers,The Summit,Houston,home,Playoffs,3,1,2,0.333,1993,1993
1610612746,LA,Clippers,The Summit,Houston,home,Regular Season,57,15,42,0.263,1976,2003
1610612746,LA,Clippers,Toyota Center,Houston,home,Playoffs,4,1,3,0.25,2015,2015
1610612746,LA,Clippers,Toyota Center,Houston,home,Regular Season,42,19,23,0.452,2004,2026
1610612746,LA,Clippers,United Center,Chicago,home,Regular Season,30,20,10,0.667,1995,2026
1610612746,LA,Clippers,Xfinity Mobile Arena,Philadelphia,home,Regular Season,29,10,19,0.345,1997,2026
1610612763,Memphis,Grizzlies,Alamodome,San Antonio,home,Regular Season,13,2,11,0.154,1996,2002
1610612763,Memphis,Grizzlies,Amalie Arena,Tampa,home,Regular Season,1,1,0,1.0,2021,2021
1610612763,Memphis,Grizzlies,American Airlines Center,Dallas,home,Playoffs,2,0,2,0.0,2006,2006
1610612763,Memphis,Grizzlies,American Airlines Center,Dallas,home,Regular Season,48,17,31,0.354,2002,2026
1610612763,Memphis,Grizzlies,Amway Arena,Orlando,home,Regular Season,14,4,10,0.286,1996,2010
1610612763,Memphis,Grizzlies,Ball Arena,Denver,home,Regular Season,48,8,40,0.167,2000,2026
1610612763,Memphis,Grizzlies,Barclays Center,Brooklyn,home,Regular Season,14,9,5,0.643,2013,2026
1610612763,Memphis,Grizzlies,Bradley Center,Milwaukee,home,Regular Season,22,9,13,0.409,1996,2018
1610612763,Memphis,Grizzlies,Capital Centre,Landover,home,Regular Season,2,0,2,0.0,1996,1997
1610612763,Memphis,Grizzlies,Capital One Arena,Washington,home,Regular Season,27,9,18,0.333,1998,2026
1610612763,Memphis,Grizzlies,Charlotte Coliseum,Charlotte,home,Regular Season,7,2,5,0.286,1996,2005
1610612763,Memphis,Grizzlies,Chase Center,San Francisco,home,Playoffs,3,0,3,0.0,2022,2022
1610612763,Memphis,Grizzlies,Chase Center,San Francisco,home,Regular Season,11,2,9,0.182,2020,2026
1610612763,Memphis,Grizzlies,Crypto.com Arena,Los Angeles,home,Playoffs,9,2,7,0.222,2012,2023
1610612763,Memphis,Grizzlies,Crypto.com Arena,Los Angeles,home,Regular Season,94,34,60,0.362,2000,2026
1610612763,Memphis,Grizzlies,Delta Center,Salt Lake City,home,Playoffs,3,1,2,0.333,2021,2021
1610612763,Memphis,Grizzlies,Delta Center,Salt Lake City,home,Regular Season,56,18,38,0.321,1996,2026
1610612763,Memphis,Grizzlies,FedExForum,Memphis,home,Playoffs,48,25,23,0.521,2005,2025
1610612763,Memphis,Grizzlies,FedExForum,Memphis,home,Regular Season,878,505,373,0.575,2005,2026
1610612763,Memphis,Grizzlies,Fiserv Forum,Milwaukee,home,Regular Season,7,5,2,0.714,2019,2026
1610612763,Memphis,Grizzlies,Frost Bank Center,San Antonio,home,Playoffs,12,1,11,0.083,2004,2017
1610612763,Memphis,Grizzlies,Frost Bank Center,San Antonio,home,Regular Season,47,17,30,0.362,2003,2026
1610612763,Memphis,Grizzlies,Gainbridge Fieldhouse,Indianapolis,home,Regular Season,26,8,18,0.308,2000,2026
1610612763,Memphis,Grizzlies,Georgia Dome,Atlanta,home,Regular Season,2,0,2,0.0,1998,1999
1610612763,Memphis,Grizzlies,Golden 1 Center,Sacramento,home,Regular Season,17,8,9,0.471,2017,2026
1610612763,Memphis,Grizzlies,Intuit Dome,Inglewood,home,Regular Season,4,2,2,0.5,2025,2026
1610612763,Memphis,Grizzlies,Izod Center,East Rutherford,home,Regular Season,14,5,9,0.357,1996,2010
1610612763,Memphis,Grizzlies,Kaseya Center,Miami,home,Regular Season,27,12,15,0.444,2000,2026
1610612763,Memphis,Grizzlies,KeyArena,Seattle,home,Regular Season,24,4,20,0.167,1996,2008
1610612763,Memphis,Grizzlies,Kia Center,Orlando,home,Regular Season,14,6,8,0.429,2011,2025
1610612763,Memphis,Grizzlies,LA Memorial Sports Arena,Los Angeles,home,Regular Season,8,3,5,0.375,1996,1999
1610612763,Memphis,Grizzlies,Little Caesars Arena,Detroit,home,Regular Season,10,6,4,0.6,2018,2026
1610612763,Memphis,Grizzlies,Madison Square Garden,New York,home,Regular Season,29,13,16,0.448,1996,2026
1610612763,Memphis,Grizzlies,Market Square Arena,Indianapolis,home,Regular Season,3,0,3,0.0,1996,1998
1610612763,Memphis,Grizzlies,McNichols Sports Arena,Denver,home,Regular Season,8,2,6,0.25,1996,1999
1610612763,Memphis,Grizzlies,Miami Arena,Miami,home,Regular Season,3,0,3,0.0,1996,1998
1610612763,Memphis,Grizzlies,Moda Center,Portland,home,Playoffs,2,1,1,0.5,2015,2015
1610612763,Memphis,Grizzlies,Moda Center,Portland,home,Regular Season,54,23,31,0.426,1996,2026
1610612763,Memphis,Grizzlies,Mortgage Matchup Center,Phoenix,home,Playoffs,2,0,2,0.0,2005,2005
1610612763,Memphis,Grizzlies,Mortgage Matchup Center,Phoenix,home,Regular Season,57,22,35,0.386,1996,2026
1610612763,Memphis,Grizzlies,Oracle Arena,Oakland,home,Playoffs,3,1,2,0.333,2015,2015
1610612763,Memphis,Grizzlies,Oracle Arena,Oakland,home,Regular Season,42,16,26,0.381,1996,2019
1610612763,Memphis,Grizzlies,Orlando Bubble,Bay Lake,bubble,Regular Season,8,2,6,0.25,2020,2021
1610612763,Memphis,Grizzlies,Paycom Center,Oklahoma City,home,Playoffs,13,5,8,0.385,2011,2025
1610612763,Memphis,Grizzlies,Paycom Center,Oklahoma City,home,Regular Season,36,8,28,0.222,2006,2026
1610612763,Memphis,Grizzlies,Prudential Center,Newark,home,Regular Season,2,1,1,0.5,2011,2012
1610612763,Memphis,Grizzlies,Pyramid Arena,Memphis,home,Playoffs,2,0,2,0.0,2004,2004
1610612763,Memphis,Grizzlies,Pyramid Arena,Memphis,home,Regular Season,123,66,57,0.537,2002,2004
1610612763,Memphis,Grizzlies,Reunion Arena,Dallas,home,Regular Season,12,3,9,0.25,1996,2001
1610612763,Memphis,Grizzlies,Rocket Arena,Cleveland,home,Regular Season,29,6,23,0.207,1996,2026
1610612763,Memphis,Grizzlies,Rogers Arena,Vancouver,home,Regular Season,230,66,164,0.287,1996,2001
1610612763,Memphis,Grizzlies,San Jose Arena,San Jose,home,Regular Season,2,1,1,0.5,1997,1997
1610612763,Memphis,Grizzlies,Scotiabank Arena,Toronto,home,Regular Season,25,13,12,0.52,2000,2026
1610612763,Memphis,Grizzlies,SkyDome,Toronto,home,Regular Season,4,1,3,0.25,1996,1999
1610612763,Memphis,Grizzlies,Sleep Train Arena,Sacramento,home,Regular Season,39,10,29,0.256,1996,2016
1610612763,Memphis,Grizzlies,Smoothie King Center,New Orleans,home,Regular Season,40,17,23,0.425,2003,2026
1610612763,Memphis,Grizzlies,Spectrum Center,Charlotte,home,Regular Season,21,11,10,0.524,2006,2026
1610612763,Memphis,Grizzlies,State Farm Arena,Atlanta,home,Regular Season,27,11,16,0.407,2000,2026
1610612763,Memphis,Grizzlies,TD Garden,Boston,home,Regular Season,30,10,20,0.333,1996,2026
1610612763,Memphis,Grizzlies,Target Center,Minneapolis,home,Playoffs,3,2,1,0.667,2022,2022
1610612763,Memphis,Grizzlies,Target Center,Minneapolis,home,Regular Season,58,23,35,0.397,1996,2026
1610612763,Memphis,Grizzlies,The Forum,Inglewood,home,Regular Season,8,0,8,0.0,1996,1999
1610612763,Memphis,Grizzlies,The O2 Arena,London,neutral,Regular Season,1,1,0,1.0,2026,2026
1610612763,Memphis,Grizzlies,The Omni,Atlanta,home,Regular Season,2,0,2,0.0,1996,1997
1610612763,Memphis,Grizzlies,The Palace of Auburn Hills,Auburn Hills,home,Regular Season,21,10,11,0.476,1996,2017
1610612763,Memphis,Grizzlies,The Spectrum,Philadelphia,home,Regular Season,1,0,1,0.0,1996,1996
1610612763,Memphis,Grizzlies,The Summit,Houston,home,Regular Season,16,2,14,0.125,1996,2003
1610612763,Memphis,Grizzlies,Toyota Center,Houston,home,Regular Season,45,14,31,0.311,2004,2026
1610612763,Memphis,Grizzlies,Uber Arena,Berlin,neutral,Regular Season,1,0,1,0.0,2026,2026
1610612763,Memphis,Grizzlies,United Center,Chicago,home,Regular Season,31,10,21,0.323,1996,2026
1610612763,Memphis,Grizzlies,Xfinity Mobile Arena,Philadelphia,home,Regular Season,28,13,15,0.464,1997,2026
1610612737,Atlanta,Hawks,ARCO Arena I,Sacramento,home,Regular Season,3,3,0,1.0,1986,1988
1610612737,Atlanta,Hawks,Alamodome,San Antonio,home,Regular Season,8,1,7,0.125,1994,2002
1610612737,Atlanta,Hawks,Alexander Memorial Coliseum,Atlanta,home,Playoffs,12,7,5,0.583,1969,1971
1610612737,Atlanta,Hawks,Alexander Memorial Coliseum,Atlanta,home,Regular Season,125,80,45,0.64,1969,1971
1610612737,Atlanta,Hawks,Amalie Arena,Tampa,home,Regular Season,2,2,0,1.0,2021,2021
1610612737,Atlanta,Hawks,American Airlines Center,Dallas,home,Regular Season,24,9,15,0.375,2002,2026
1610612737,Atlanta,Hawks,Amway Arena,Orlando,home,Playoffs,5,0,5,0.0,1996,2010
1610612737,Atlanta,Hawks,Amway Arena,Orlando,home,Regular Season,41,12,29,0.293,1990,2010
1610612737,Atlanta,Hawks,Arena CDMX,Mexico City,neutral,Regular Season,1,1,0,1.0,2024,2024
1610612737,Atlanta,Hawks,Arizona Veterans Memorial Coliseum,Phoenix,home,Regular Season,38,13,25,0.342,1969,1992
1610612737,Atlanta,Hawks,Ball Arena,Denver,home,Regular Season,27,9,18,0.333,2000,2026
1610612737,Atlanta,Hawks,Baltimore Civic Center,Baltimore,home,Playoffs,4,2,2,0.5,1965,1966
1610612737,Atlanta,Hawks,Baltimore Civic Center,Baltimore,home,Regular Season,38,10,28,0.263,1964,1973
1610612737,Atlanta,Hawks,Barclays Center,Brooklyn,home,Playoffs,3,1,2,0.333,2015,2015
1610612737,Atlanta,Hawks,Barclays Center,Brooklyn,home,Regular Season,26,10,16,0.385,2013,2026
1610612737,Atlanta,Hawks,Boston Garden,Boston,home,Playoffs,15,2,13,0.133,1972,1988
1610612737,Atlanta,Hawks,Boston Garden,Boston,home,Regular Season,98,21,77,0.214,1962,1995
1610612737,Atlanta,Hawks,Bradley Center,Milwaukee,home,Playoffs,5,2,3,0.4,1989,2010
1610612737,Atlanta,Hawks,Bradley Center,Milwaukee,home,Regular Season,60,26,34,0.433,1989,2018
1610612737,Atlanta,Hawks,Buffalo Memorial Auditorium,Buffalo,home,Regular Season,19,10,9,0.526,1971,1978
1610612737,Atlanta,Hawks,Capital Centre,Landover,home,Playoffs,5,2,3,0.4,1978,1979
1610612737,Atlanta,Hawks,Capital Centre,Landover,home,Regular Season,59,17,42,0.288,1974,1997
1610612737,Atlanta,Hawks,Capital One Arena,Washington,home,Playoffs,6,2,4,0.333,2015,2017
1610612737,Atlanta,Hawks,Capital One Arena,Washington,home,Regular Season,55,27,28,0.491,1998,2026
1610612737,Atlanta,Hawks,Charlotte Coliseum,Charlotte,home,Playoffs,2,0,2,0.0,1998,1998
1610612737,Atlanta,Hawks,Charlotte Coliseum,Charlotte,home,Regular Season,29,14,15,0.483,1989,2005
1610612737,Atlanta,Hawks,Chase Center,San Francisco,home,Regular Season,6,2,4,0.333,2021,2026
1610612737,Atlanta,Hawks,Chicago Stadium,Chicago,home,Playoffs,5,2,3,0.4,1967,1993
1610612737,Atlanta,Hawks,Chicago Stadium,Chicago,home,Regular Season,74,27,47,0.365,1967,1994
1610612737,Atlanta,Hawks,Cincinnati Gardens,Cincinnati,home,Regular Season,45,11,34,0.244,1962,1972
1610612737,Atlanta,Hawks,Cleveland Arena,Cleveland,home,Regular Season,9,5,4,0.556,1971,1973
1610612737,Atlanta,Hawks,Cobo Arena,Detroit,home,Playoffs,2,1,1,0.5,1963,1963
1610612737,Atlanta,Hawks,Cobo Arena,Detroit,home,Regular Season,56,25,31,0.446,1962,1978
1610612737,Atlanta,Hawks,Cow Palace,San Francisco,home,Playoffs,10,1,9,0.1,1964,1968
1610612737,Atlanta,Hawks,Cow Palace,San Francisco,home,Regular Season,41,22,19,0.537,1963,1971
1610612737,Atlanta,Hawks,Crypto.com Arena,Los Angeles,home,Regular Season,52,16,36,0.308,2000,2026
1610612737,Atlanta,Hawks,Delta Center,Salt Lake City,home,Regular Season,32,11,21,0.344,1992,2026
1610612737,Atlanta,Hawks,FedExForum,Memphis,home,Regular Season,21,12,9,0.571,2005,2026
1610612737,Atlanta,Hawks,Fiserv Forum,Milwaukee,home,Playoffs,3,1,2,0.333,2021,2021
1610612737,Atlanta,Hawks,Fiserv Forum,Milwaukee,home,Regular Season,12,5,7,0.417,2019,2026
1610612737,Atlanta,Hawks,Frost Bank Center,San Antonio,home,Regular Season,24,4,20,0.167,2003,2026
1610612737,Atlanta,Hawks,Gainbridge Fieldhouse,Indianapolis,home,Playoffs,7,2,5,0.286,2013,2014
1610612737,Atlanta,Hawks,Gainbridge Fieldhouse,Indianapolis,home,Regular Season,48,14,34,0.292,2000,2026
1610612737,Atlanta,Hawks,Georgia Dome,Atlanta,home,Playoffs,7,4,3,0.571,1998,1999
1610612737,Atlanta,Hawks,Georgia Dome,Atlanta,home,Regular Season,66,45,21,0.682,1998,1999
1610612737,Atlanta,Hawks,Golden 1 Center,Sacramento,home,Regular Season,9,4,5,0.444,2017,2026
1610612737,Atlanta,Hawks,HemisFair Arena,San Antonio,home,Regular Season,22,11,11,0.5,1977,1993
1610612737,Atlanta,Hawks,Hofheinz Pavilion,Houston,home,Regular Season,14,4,10,0.286,1972,1975
1610612737,Atlanta,Hawks,Hubert H. Humphrey Metrodome,Minneapolis,home,Regular Season,1,0,1,0.0,1990,1990
1610612737,Atlanta,Hawks,Intuit Dome,Inglewood,home,Regular Season,2,1,1,0.5,2025,2026
1610612737,Atlanta,Hawks,Izod Center,East Rutherford,home,Regular Season,61,23,38,0.377,1982,2010
1610612737,Atlanta,Hawks,Kaseya Center,Miami,home,Playoffs,6,1,5,0.167,2009,2022
1610612737,Atlanta,Hawks,Kaseya Center,Miami,home,Regular Season,53,13,40,0.245,2000,2026
1610612737,Atlanta,Hawks,Kemper Arena,Kansas City,home,Regular Season,12,2,10,0.167,1976,1985
1610612737,Atlanta,Hawks,KeyArena,Seattle,home,Regular Season,21,8,13,0.381,1986,2008
1610612737,Atlanta,Hawks,Kia Center,Orlando,home,Playoffs,3,1,2,0.333,2011,2011
1610612737,Atlanta,Hawks,Kia Center,Orlando,home,Regular Season,30,17,13,0.567,2011,2026
1610612737,Atlanta,Hawks,Kiel Auditorium,St. Louis,home,Playoffs,25,20,5,0.8,1963,1968
1610612737,Atlanta,Hawks,Kiel Auditorium,St. Louis,home,Regular Season,282,204,78,0.723,1962,1968
1610612737,Atlanta,Hawks,Kingdome,Seattle,home,Regular Season,6,1,5,0.167,1980,1985
1610612737,Atlanta,Hawks,LA Memorial Sports Arena,Los Angeles,home,Playoffs,10,1,9,0.1,1963,1966
1610612737,Atlanta,Hawks,LA Memorial Sports Arena,Los Angeles,home,Regular Season,49,25,24,0.51,1962,1999
1610612737,Atlanta,Hawks,Little Caesars Arena,Detroit,home,Regular Season,15,6,9,0.4,2018,2026
1610612737,Atlanta,Hawks,Louisiana Superdome,New Orleans,home,Regular Season,9,3,6,0.333,1976,1979
1610612737,Atlanta,Hawks,MECCA Arena,Milwaukee,home,Playoffs,5,0,5,0.0,1984,1988
1610612737,Atlanta,Hawks,MECCA Arena,Milwaukee,home,Regular Season,48,13,35,0.271,1969,1988
1610612737,Atlanta,Hawks,Madison Square Garden,New York,home,Playoffs,11,4,7,0.364,1971,2026
1610612737,Atlanta,Hawks,Madison Square Garden,New York,home,Regular Season,123,47,76,0.382,1969,2026
1610612737,Atlanta,Hawks,Madison Square Garden III,New York,home,Regular Season,28,12,16,0.429,1962,1968
1610612737,Atlanta,Hawks,Market Square Arena,Indianapolis,home,Playoffs,10,3,7,0.3,1987,1996
1610612737,Atlanta,Hawks,Market Square Arena,Indianapolis,home,Regular Season,59,26,33,0.441,1977,1999
1610612737,Atlanta,Hawks,McNichols Sports Arena,Denver,home,Regular Season,25,7,18,0.28,1977,1998
1610612737,Atlanta,Hawks,Memorial Coliseum,Portland,home,Regular Season,34,11,23,0.324,1971,1995
1610612737,Atlanta,Hawks,Miami Arena,Miami,home,Playoffs,2,1,1,0.5,1994,1994
1610612737,Atlanta,Hawks,Miami Arena,Miami,home,Regular Season,21,8,13,0.381,1989,1999
1610612737,Atlanta,Hawks,Moda Center,Portland,home,Regular Season,30,10,20,0.333,1996,2026
1610612737,Atlanta,Hawks,Mortgage Matchup Center,Phoenix,home,Regular Season,33,7,26,0.212,1993,2026
1610612737,Atlanta,Hawks,Municipal Auditorium,Kansas City,home,Regular Season,11,2,9,0.182,1973,1980
1610612737,Atlanta,Hawks,Nassau Veterans Memorial Coliseum,Uniondale,home,Regular Season,2,2,0,1.0,1977,1977
1610612737,Atlanta,Hawks,Onondaga County War Memorial,Syracuse,home,Regular Season,10,3,7,0.3,1962,1963
1610612737,Atlanta,Hawks,Oracle Arena,Oakland,home,Regular Season,53,16,37,0.302,1972,2019
1610612737,Atlanta,Hawks,Paycom Center,Oklahoma City,home,Regular Season,19,5,14,0.263,2006,2026
1610612737,Atlanta,Hawks,Philadelphia Arena,Philadelphia,home,Regular Season,23,3,20,0.13,1962,1967
1610612737,Atlanta,Hawks,Pontiac Silverdome,Pontiac,home,Playoffs,4,1,3,0.25,1986,1987
1610612737,Atlanta,Hawks,Pontiac Silverdome,Pontiac,home,Regular Season,29,12,17,0.414,1979,1988
1610612737,Atlanta,Hawks,Prudential Center,Newark,home,Regular Season,4,2,2,0.5,2011,2012
1610612737,Atlanta,Hawks,Pyramid Arena,Memphis,home,Regular Season,3,1,2,0.333,2002,2004
1610612737,Atlanta,Hawks,Reunion Arena,Dallas,home,Regular Season,21,12,9,0.571,1981,2001
1610612737,Atlanta,Hawks,Richfield Coliseum,Richfield,home,Regular Season,59,23,36,0.39,1974,1994
1610612737,Atlanta,Hawks,Rocket Arena,Cleveland,home,Playoffs,6,0,6,0.0,2009,2016
1610612737,Atlanta,Hawks,Rocket Arena,Cleveland,home,Regular Season,59,25,34,0.424,1995,2026
1610612737,Atlanta,Hawks,Rogers Arena,Vancouver,home,Regular Season,5,3,2,0.6,1996,2001
1610612737,Atlanta,Hawks,Rutgers Athletic Center,Piscataway,home,Regular Season,10,5,5,0.5,1978,1981
1610612737,Atlanta,Hawks,Salt Palace,Salt Lake City,home,Regular Season,12,7,5,0.583,1980,1991
1610612737,Atlanta,Hawks,San Diego Sports Arena,San Diego,home,Playoffs,3,1,2,0.333,1969,1969
1610612737,Atlanta,Hawks,San Diego Sports Arena,San Diego,home,Regular Season,20,6,14,0.3,1968,1984
1610612737,Atlanta,Hawks,San Jose Arena,San Jose,home,Regular Season,1,1,0,1.0,1997,1997
1610612737,Atlanta,Hawks,Scotiabank Arena,Toronto,home,Regular Season,47,17,30,0.362,2000,2026
1610612737,Atlanta,Hawks,Seattle Center Coliseum,Seattle,home,Regular Season,20,12,8,0.6,1968,1975
1610612737,Atlanta,Hawks,SkyDome,Toronto,home,Regular Season,7,7,0,1.0,1996,1999
1610612737,Atlanta,Hawks,Sleep Train Arena,Sacramento,home,Regular Season,27,14,13,0.519,1989,2016
1610612737,Atlanta,Hawks,Smoothie King Center,New Orleans,home,Regular Season,23,12,11,0.522,2003,2026
1610612737,Atlanta,Hawks,Spectrum Center,Charlotte,home,Regular Season,41,16,25,0.39,2006,2026
1610612737,Atlanta,Hawks,State Farm Arena,Atlanta,home,Playoffs,62,35,27,0.565,2008,2026
1610612737,Atlanta,Hawks,State Farm Arena,Atlanta,home,Regular Season,1082,611,471,0.565,2000,2026
1610612737,Atlanta,Hawks,T-Mobile Arena,Las Vegas,neutral,Regular Season,1,0,1,0.0,2025,2025
1610612737,Atlanta,Hawks,TD Garden,Boston,home,Playoffs,13,2,11,0.154,2008,2023
1610612737,Atlanta,Hawks,TD Garden,Boston,home,Regular Season,55,20,35,0.364,1996,2026
1610612737,Atlanta,Hawks,Tacoma Dome,Tacoma,home,Regular Season,1,0,1,0.0,1995,1995
1610612737,Atlanta,Hawks,Target Center,Minneapolis,home,Regular Season,34,16,18,0.471,1991,2026
1610612737,Atlanta,Hawks,The Forum,Inglewood,home,Playoffs,5,0,5,0.0,1969,1970
1610612737,Atlanta,Hawks,The Forum,Inglewood,home,Regular Season,50,14,36,0.28,1968,1998
1610612737,Atlanta,Hawks,The O2 Arena,London,neutral,Regular Season,1,0,1,0.0,2014,2014
1610612737,Atlanta,Hawks,The Omni,Atlanta,home,Playoffs,54,30,24,0.556,1972,1997
1610612737,Atlanta,Hawks,The Omni,Atlanta,home,Regular Season,1066,705,361,0.661,1972,1997
1610612737,Atlanta,Hawks,The Palace of Auburn Hills,Auburn Hills,home,Playoffs,7,2,5,0.286,1991,1999
1610612737,Atlanta,Hawks,The Palace of Auburn Hills,Auburn Hills,home,Regular Season,59,18,41,0.305,1989,2017
1610612737,Atlanta,Hawks,The Spectrum,Philadelphia,home,Playoffs,4,0,4,0.0,1980,1982
1610612737,Atlanta,Hawks,The Spectrum,Philadelphia,home,Regular Season,73,29,44,0.397,1968,1996
1610612737,Atlanta,Hawks,The Summit,Houston,home,Playoffs,1,1,0,1.0,1979,1979
1610612737,Atlanta,Hawks,The Summit,Houston,home,Regular Season,35,10,25,0.286,1976,2003
1610612737,Atlanta,Hawks,Toyota Center,Houston,home,Regular Season,23,7,16,0.304,2004,2026
1610612737,Atlanta,Hawks,United Center,Chicago,home,Playoffs,6,2,4,0.333,1997,2011
1610612737,Atlanta,Hawks,United Center,Chicago,home,Regular Season,58,22,36,0.379,1995,2026
1610612737,Atlanta,Hawks,Xfinity Mobile Arena,Philadelphia,home,Playoffs,4,3,1,0.75,2021,2021
1610612737,Atlanta,Hawks,Xfinity Mobile Arena,Philadelphia,home,Regular Season,54,23,31,0.426,1997,2026
1610612748,Miami,Heat,Alamodome,San Antonio,home,Regular Season,8,1,7,0.125,1994,2002
1610612748,Miami,Heat,Amalie Arena,Tampa,home,Regular Season,2,1,1,0.5,2021,2021
1610612748,Miami,Heat,American Airlines Center,Dallas,home,Playoffs,6,2,4,0.333,2006,2011
1610612748,Miami,Heat,American Airlines Center,Dallas,home,Regular Season,25,10,15,0.4,2002,2026
1610612748,Miami,Heat,Amway Arena,Orlando,home,Playoffs,2,0,2,0.0,1997,1997
1610612748,Miami,Heat,Amway Arena,Orlando,home,Regular Season,42,19,23,0.452,1990,2010
1610612748,Miami,Heat,Arena CDMX,Mexico City,neutral,Regular Season,1,1,0,1.0,2025,2025
1610612748,Miami,Heat,Arizona Veterans Memorial Coliseum,Phoenix,home,Regular Season,5,0,5,0.0,1989,1992
1610612748,Miami,Heat,Ball Arena,Denver,home,Playoffs,3,1,2,0.333,2023,2023
1610612748,Miami,Heat,Ball Arena,Denver,home,Regular Season,27,7,20,0.259,2000,2026
1610612748,Miami,Heat,Barclays Center,Brooklyn,home,Playoffs,2,1,1,0.5,2014,2014
1610612748,Miami,Heat,Barclays Center,Brooklyn,home,Regular Season,24,14,10,0.583,2013,2026
1610612748,Miami,Heat,Boston Garden,Boston,home,Regular Season,15,2,13,0.133,1989,1995
1610612748,Miami,Heat,Bradley Center,Milwaukee,home,Playoffs,2,2,0,1.0,2013,2013
1610612748,Miami,Heat,Bradley Center,Milwaukee,home,Regular Season,55,33,22,0.6,1989,2018
1610612748,Miami,Heat,Capital Centre,Landover,home,Regular Season,19,9,10,0.474,1989,1997
1610612748,Miami,Heat,Capital One Arena,Washington,home,Playoffs,2,2,0,1.0,2005,2005
1610612748,Miami,Heat,Capital One Arena,Washington,home,Regular Season,56,37,19,0.661,1998,2026
1610612748,Miami,Heat,Charlotte Coliseum,Charlotte,home,Playoffs,1,0,1,0.0,2001,2001
1610612748,Miami,Heat,Charlotte Coliseum,Charlotte,home,Regular Season,27,11,16,0.407,1989,2005
1610612748,Miami,Heat,Chase Center,San Francisco,home,Regular Season,7,3,4,0.429,2020,2026
1610612748,Miami,Heat,Chicago Stadium,Chicago,home,Playoffs,2,0,2,0.0,1992,1992
1610612748,Miami,Heat,Chicago Stadium,Chicago,home,Regular Season,11,2,9,0.182,1989,1994
1610612748,Miami,Heat,Crypto.com Arena,Los Angeles,home,Regular Season,52,19,33,0.365,2000,2026
1610612748,Miami,Heat,Delta Center,Salt Lake City,home,Regular Season,35,15,20,0.429,1992,2026
1610612748,Miami,Heat,FedExForum,Memphis,home,Regular Season,21,9,12,0.429,2005,2026
1610612748,Miami,Heat,Fiserv Forum,Milwaukee,home,Playoffs,5,2,3,0.4,2021,2023
1610612748,Miami,Heat,Fiserv Forum,Milwaukee,home,Regular Season,13,2,11,0.154,2019,2026
1610612748,Miami,Heat,Frost Bank Center,San Antonio,home,Playoffs,6,2,4,0.333,2013,2014
1610612748,Miami,Heat,Frost Bank Center,San Antonio,home,Regular Season,22,7,15,0.318,2003,2026
1610612748,Miami,Heat,Gainbridge Fieldhouse,Indianapolis,home,Playoffs,12,4,8,0.333,2004,2014
1610612748,Miami,Heat,Gainbridge Fieldhouse,Indianapolis,home,Regular Season,46,12,34,0.261,2000,2026
1610612748,Miami,Heat,Georgia Dome,Atlanta,home,Regular Season,3,2,1,0.667,1998,1999
1610612748,Miami,Heat,Golden 1 Center,Sacramento,home,Regular Season,10,4,6,0.4,2017,2026
1610612748,Miami,Heat,HemisFair Arena,San Antonio,home,Regular Season,7,0,7,0.0,1989,1993
1610612748,Miami,Heat,Hubert H. Humphrey Metrodome,Minneapolis,home,Regular Season,1,1,0,1.0,1990,1990
1610612748,Miami,Heat,Intuit Dome,Inglewood,home,Regular Season,2,1,1,0.5,2025,2026
1610612748,Miami,Heat,Izod Center,East Rutherford,home,Playoffs,4,4,0,1.0,2005,2006
1610612748,Miami,Heat,Izod Center,East Rutherford,home,Regular Season,45,20,25,0.444,1989,2010
1610612748,Miami,Heat,Kaseya Center,Miami,home,Playoffs,124,86,38,0.694,2000,2025
1610612748,Miami,Heat,Kaseya Center,Miami,home,Regular Season,1083,692,391,0.639,2000,2026
1610612748,Miami,Heat,KeyArena,Seattle,home,Regular Season,19,5,14,0.263,1989,2008
1610612748,Miami,Heat,Kia Center,Orlando,home,Regular Season,33,17,16,0.515,2011,2026
1610612748,Miami,Heat,LA Memorial Sports Arena,Los Angeles,home,Regular Season,11,9,2,0.818,1989,1998
1610612748,Miami,Heat,Little Caesars Arena,Detroit,home,Regular Season,14,8,6,0.571,2018,2026
1610612748,Miami,Heat,Madison Square Garden,New York,home,Playoffs,15,6,9,0.4,1997,2023
1610612748,Miami,Heat,Madison Square Garden,New York,home,Regular Season,72,29,43,0.403,1989,2026
1610612748,Miami,Heat,Market Square Arena,Indianapolis,home,Regular Season,21,3,18,0.143,1989,1999
1610612748,Miami,Heat,McNichols Sports Arena,Denver,home,Regular Season,12,6,6,0.5,1989,1998
1610612748,Miami,Heat,Memorial Coliseum,Portland,home,Regular Season,8,0,8,0.0,1989,1995
1610612748,Miami,Heat,Miami Arena,Miami,home,Playoffs,19,10,9,0.526,1992,1999
1610612748,Miami,Heat,Miami Arena,Miami,home,Regular Season,435,242,193,0.556,1989,1999
1610612748,Miami,Heat,Moda Center,Portland,home,Regular Season,30,17,13,0.567,1996,2026
1610612748,Miami,Heat,Mortgage Matchup Center,Phoenix,home,Regular Season,32,17,15,0.531,1993,2026
1610612748,Miami,Heat,Oracle Arena,Oakland,home,Regular Season,30,11,19,0.367,1989,2019
1610612748,Miami,Heat,Orlando Bubble,Bay Lake,bubble,Playoffs,21,14,7,0.667,2021,2021
1610612748,Miami,Heat,Orlando Bubble,Bay Lake,bubble,Regular Season,8,3,5,0.375,2021,2021
1610612748,Miami,Heat,Paycom Center,Oklahoma City,home,Playoffs,2,1,1,0.5,2012,2012
1610612748,Miami,Heat,Paycom Center,Oklahoma City,home,Regular Season,20,9,11,0.45,2006,2026
1610612748,Miami,Heat,Prudential Center,Newark,home,Regular Season,4,4,0,1.0,2011,2012
1610612748,Miami,Heat,Pyramid Arena,Memphis,home,Regular Season,3,1,2,0.333,2002,2004
1610612748,Miami,Heat,Reunion Arena,Dallas,home,Regular Season,14,8,6,0.571,1989,2001
1610612748,Miami,Heat,Richfield Coliseum,Richfield,home,Regular Season,11,1,10,0.091,1989,1994
1610612748,Miami,Heat,Rocket Arena,Cleveland,home,Playoffs,2,0,2,0.0,2025,2025
1610612748,Miami,Heat,Rocket Arena,Cleveland,home,Regular Season,56,29,27,0.518,1995,2026
1610612748,Miami,Heat,Rogers Arena,Vancouver,home,Regular Season,5,4,1,0.8,1996,2001
1610612748,Miami,Heat,Salt Palace,Salt Lake City,home,Regular Season,5,0,5,0.0,1989,1991
1610612748,Miami,Heat,San Jose Arena,San Jose,home,Regular Season,1,1,0,1.0,1997,1997
1610612748,Miami,Heat,Scotiabank Arena,Toronto,home,Playoffs,4,1,3,0.25,2016,2016
1610612748,Miami,Heat,Scotiabank Arena,Toronto,home,Regular Season,47,20,27,0.426,2000,2026
1610612748,Miami,Heat,SkyDome,Toronto,home,Regular Season,6,5,1,0.833,1996,1999
1610612748,Miami,Heat,Sleep Train Arena,Sacramento,home,Regular Season,27,13,14,0.481,1989,2016
1610612748,Miami,Heat,Smoothie King Center,New Orleans,home,Playoffs,3,0,3,0.0,2004,2004
1610612748,Miami,Heat,Smoothie King Center,New Orleans,home,Regular Season,23,11,12,0.478,2003,2026
1610612748,Miami,Heat,Spectrum Center,Charlotte,home,Playoffs,5,3,2,0.6,2014,2016
1610612748,Miami,Heat,Spectrum Center,Charlotte,home,Regular Season,38,23,15,0.605,2006,2026
1610612748,Miami,Heat,State Farm Arena,Atlanta,home,Playoffs,6,2,4,0.333,2009,2022
1610612748,Miami,Heat,State Farm Arena,Atlanta,home,Regular Season,53,27,26,0.509,2000,2026
1610612748,Miami,Heat,TD Garden,Boston,home,Playoffs,18,8,10,0.444,2010,2024
1610612748,Miami,Heat,TD Garden,Boston,home,Regular Season,55,22,33,0.4,1996,2026
1610612748,Miami,Heat,Tacoma Dome,Tacoma,home,Regular Season,1,0,1,0.0,1995,1995
1610612748,Miami,Heat,Target Center,Minneapolis,home,Regular Season,36,16,20,0.444,1991,2026
1610612748,Miami,Heat,The Forum,Inglewood,home,Regular Season,11,1,10,0.091,1989,1998
1610612748,Miami,Heat,The Omni,Atlanta,home,Playoffs,3,1,2,0.333,1994,1994
1610612748,Miami,Heat,The Omni,Atlanta,home,Regular Season,16,2,14,0.125,1989,1997
1610612748,Miami,Heat,The Palace of Auburn Hills,Auburn Hills,home,Playoffs,7,3,4,0.429,2000,2006
1610612748,Miami,Heat,The Palace of Auburn Hills,Auburn Hills,home,Regular Season,54,25,29,0.463,1989,2017
1610612748,Miami,Heat,The Spectrum,Philadelphia,home,Regular Season,18,3,15,0.167,1989,1996
1610612748,Miami,Heat,The Summit,Houston,home,Regular Season,16,7,9,0.438,1989,2003
1610612748,Miami,Heat,Toyota Center,Houston,home,Regular Season,22,10,12,0.455,2004,2026
1610612748,Miami,Heat,United Center,Chicago,home,Playoffs,15,5,10,0.333,1996,2013
1610612748,Miami,Heat,United Center,Chicago,home,Regular Season,57,27,30,0.474,1995,2026
1610612748,Miami,Heat,Xfinity Mobile Arena,Philadelphia,home,Playoffs,8,3,5,0.375,2011,2022
1610612748,Miami,Heat,Xfinity Mobile Arena,Philadelphia,home,Regular Season,55,27,28,0.491,1997,2026
1610612766,Charlotte,Hornets,Alamodome,San Antonio,home,Regular Season,8,3,5,0.375,1994,2002
1610612766,Charlotte,Hornets,Amalie Arena,Tampa,home,Regular Season,2,0,2,0.0,2021,2021
1610612766,Charlotte,Hornets,American Airlines Center,Dallas,home,Regular Season,23,7,16,0.304,2002,2026
1610612766,Charlotte,Hornets,Amway Arena,Orlando,home,Playoffs,4,2,2,0.5,2002,2010
1610612766,Charlotte,Hornets,Amway Arena,Orlando,home,Regular Season,35,12,23,0.343,1990,2010
1610612766,Charlotte,Hornets,Arizona Veterans Memorial Coliseum,Phoenix,home,Regular Season,5,1,4,0.2,1989,1992
1610612766,Charlotte,Hornets,Ball Arena,Denver,home,Regular Season,24,7,17,0.292,2000,2026
1610612766,Charlotte,Hornets,Barclays Center,Brooklyn,home,Regular Season,25,11,14,0.44,2013,2026
1610612766,Charlotte,Hornets,Boston Garden,Boston,home,Playoffs,2,1,1,0.5,1993,1993
1610612766,Charlotte,Hornets,Boston Garden,Boston,home,Regular Season,14,4,10,0.286,1989,1995
1610612766,Charlotte,Hornets,Bradley Center,Milwaukee,home,Playoffs,4,1,3,0.25,2001,2001
1610612766,Charlotte,Hornets,Bradley Center,Milwaukee,home,Regular Season,54,23,31,0.426,1989,2018
1610612766,Charlotte,Hornets,Capital Centre,Landover,home,Regular Season,18,8,10,0.444,1989,1997
1610612766,Charlotte,Hornets,Capital One Arena,Washington,home,Regular Season,53,22,31,0.415,1998,2026
1610612766,Charlotte,Hornets,Charlotte Coliseum,Charlotte,home,Playoffs,21,12,9,0.571,1993,2002
1610612766,Charlotte,Hornets,Charlotte Coliseum,Charlotte,home,Regular Season,599,339,260,0.566,1989,2005
1610612766,Charlotte,Hornets,Chase Center,San Francisco,home,Regular Season,7,1,6,0.143,2020,2026
1610612766,Charlotte,Hornets,Chicago Stadium,Chicago,home,Regular Season,12,1,11,0.083,1989,1994
1610612766,Charlotte,Hornets,Crypto.com Arena,Los Angeles,home,Regular Season,46,13,33,0.283,2000,2026
1610612766,Charlotte,Hornets,Delta Center,Salt Lake City,home,Regular Season,31,7,24,0.226,1992,2026
1610612766,Charlotte,Hornets,FedExForum,Memphis,home,Regular Season,21,9,12,0.429,2005,2026
1610612766,Charlotte,Hornets,Fiserv Forum,Milwaukee,home,Regular Season,13,2,11,0.154,2019,2026
1610612766,Charlotte,Hornets,Frost Bank Center,San Antonio,home,Regular Season,22,6,16,0.273,2005,2026
1610612766,Charlotte,Hornets,Gainbridge Fieldhouse,Indianapolis,home,Regular Season,46,14,32,0.304,2000,2026
1610612766,Charlotte,Hornets,Georgia Dome,Atlanta,home,Playoffs,2,1,1,0.5,1998,1998
1610612766,Charlotte,Hornets,Georgia Dome,Atlanta,home,Regular Season,4,0,4,0.0,1998,1999
1610612766,Charlotte,Hornets,Golden 1 Center,Sacramento,home,Regular Season,10,7,3,0.7,2017,2026
1610612766,Charlotte,Hornets,HemisFair Arena,San Antonio,home,Regular Season,6,3,3,0.5,1989,1993
1610612766,Charlotte,Hornets,Hubert H. Humphrey Metrodome,Minneapolis,home,Regular Season,2,0,2,0.0,1990,1990
1610612766,Charlotte,Hornets,Intuit Dome,Inglewood,home,Regular Season,1,0,1,0.0,2026,2026
1610612766,Charlotte,Hornets,Izod Center,East Rutherford,home,Playoffs,3,0,3,0.0,2002,2002
1610612766,Charlotte,Hornets,Izod Center,East Rutherford,home,Regular Season,38,15,23,0.395,1989,2010
1610612766,Charlotte,Hornets,Kaseya Center,Miami,home,Playoffs,8,3,5,0.375,2001,2016
1610612766,Charlotte,Hornets,Kaseya Center,Miami,home,Regular Season,49,12,37,0.245,2000,2026
1610612766,Charlotte,Hornets,KeyArena,Seattle,home,Regular Season,17,4,13,0.235,1989,2008
1610612766,Charlotte,Hornets,Kia Center,Orlando,home,Regular Season,30,17,13,0.567,2011,2026
1610612766,Charlotte,Hornets,LA Memorial Sports Arena,Los Angeles,home,Regular Season,11,5,6,0.455,1989,1998
1610612766,Charlotte,Hornets,Little Caesars Arena,Detroit,home,Regular Season,15,8,7,0.533,2018,2026
1610612766,Charlotte,Hornets,Madison Square Garden,New York,home,Playoffs,5,0,5,0.0,1993,1997
1610612766,Charlotte,Hornets,Madison Square Garden,New York,home,Regular Season,64,21,43,0.328,1989,2026
1610612766,Charlotte,Hornets,Market Square Arena,Indianapolis,home,Regular Season,23,5,18,0.217,1989,1999
1610612766,Charlotte,Hornets,McNichols Sports Arena,Denver,home,Regular Season,12,5,7,0.417,1989,1998
1610612766,Charlotte,Hornets,Memorial Coliseum,Portland,home,Regular Season,8,2,6,0.25,1989,1995
1610612766,Charlotte,Hornets,Miami Arena,Miami,home,Regular Season,18,7,11,0.389,1989,1999
1610612766,Charlotte,Hornets,Moda Center,Portland,home,Regular Season,28,6,22,0.214,1996,2026
1610612766,Charlotte,Hornets,Mortgage Matchup Center,Phoenix,home,Regular Season,31,9,22,0.29,1993,2026
1610612766,Charlotte,Hornets,Oracle Arena,Oakland,home,Regular Season,28,10,18,0.357,1989,2019
1610612766,Charlotte,Hornets,Paycom Center,Oklahoma City,home,Regular Season,19,6,13,0.316,2006,2026
1610612766,Charlotte,Hornets,Prudential Center,Newark,home,Regular Season,4,2,2,0.5,2011,2012
1610612766,Charlotte,Hornets,Pyramid Arena,Memphis,home,Regular Season,1,1,0,1.0,2002,2002
1610612766,Charlotte,Hornets,Reunion Arena,Dallas,home,Regular Season,13,5,8,0.385,1989,2001
1610612766,Charlotte,Hornets,Richfield Coliseum,Richfield,home,Regular Season,13,0,13,0.0,1989,1994
1610612766,Charlotte,Hornets,Rocket Arena,Cleveland,home,Regular Season,54,17,37,0.315,1995,2026
1610612766,Charlotte,Hornets,Rogers Arena,Vancouver,home,Regular Season,5,4,1,0.8,1996,2001
1610612766,Charlotte,Hornets,Salt Palace,Salt Lake City,home,Regular Season,5,1,4,0.2,1989,1991
1610612766,Charlotte,Hornets,San Jose Arena,San Jose,home,Regular Season,1,1,0,1.0,1997,1997
1610612766,Charlotte,Hornets,Scotiabank Arena,Toronto,home,Regular Season,44,15,29,0.341,2000,2026
1610612766,Charlotte,Hornets,SkyDome,Toronto,home,Regular Season,8,5,3,0.625,1996,1999
1610612766,Charlotte,Hornets,Sleep Train Arena,Sacramento,home,Regular Season,26,10,16,0.385,1989,2016
1610612766,Charlotte,Hornets,Smoothie King Center,New Orleans,home,Regular Season,19,5,14,0.263,2005,2026
1610612766,Charlotte,Hornets,Spectrum Center,Charlotte,home,Playoffs,7,2,5,0.286,2010,2016
1610612766,Charlotte,Hornets,Spectrum Center,Charlotte,home,Regular Season,835,401,434,0.48,2006,2026
1610612766,Charlotte,Hornets,State Farm Arena,Atlanta,home,Regular Season,48,20,28,0.417,2000,2026
1610612766,Charlotte,Hornets,TD Garden,Boston,home,Regular Season,51,17,34,0.333,1996,2026
1610612766,Charlotte,Hornets,Tacoma Dome,Tacoma,home,Regular Season,1,1,0,1.0,1995,1995
1610612766,Charlotte,Hornets,Target Center,Minneapolis,home,Regular Season,33,18,15,0.545,1991,2026
1610612766,Charlotte,Hornets,The Forum,Inglewood,home,Regular Season,12,4,8,0.333,1989,1999
1610612766,Charlotte,Hornets,The Omni,Atlanta,home,Regular Season,20,8,12,0.4,1989,1997
1610612766,Charlotte,Hornets,The Palace of Auburn Hills,Auburn Hills,home,Regular Season,51,20,31,0.392,1989,2017
1610612766,Charlotte,Hornets,The Spectrum,Philadelphia,home,Regular Season,16,9,7,0.562,1989,1996
1610612766,Charlotte,Hornets,The Summit,Houston,home,Regular Season,14,3,11,0.214,1989,2002
1610612766,Charlotte,Hornets,Toyota Center,Houston,home,Regular Season,22,5,17,0.227,2005,2026
1610612766,Charlotte,Hornets,United Center,Chicago,home,Playoffs,5,1,4,0.2,1995,1998
1610612766,Charlotte,Hornets,United Center,Chicago,home,Regular Season,54,18,36,0.333,1995,2026
1610612766,Charlotte,Hornets,Xfinity Mobile Arena,Philadelphia,home,Playoffs,2,0,2,0.0,2000,2000
1610612766,Charlotte,Hornets,Xfinity Mobile Arena,Philadelphia,home,Regular Season,48,13,35,0.271,1997,2026
1610612762,Utah,Jazz,ARCO Arena I,Sacramento,home,Regular Season,9,7,2,0.778,1986,1988
1610612762,Utah,Jazz,Alamodome,San Antonio,home,Playoffs,7,3,4,0.429,1994,1998
1610612762,Utah,Jazz,Alamodome,San Antonio,home,Regular Season,19,7,12,0.368,1994,2002
1610612762,Utah,Jazz,Amalie Arena,Tampa,home,Regular Season,1,1,0,1.0,2021,2021
1610612762,Utah,Jazz,American Airlines Center,Dallas,home,Playoffs,3,1,2,0.333,2022,2022
1610612762,Utah,Jazz,American Airlines Center,Dallas,home,Regular Season,44,8,36,0.182,2002,2026
1610612762,Utah,Jazz,Amway Arena,Orlando,home,Regular Season,22,10,12,0.455,1990,2010
1610612762,Utah,Jazz,Arizona Veterans Memorial Coliseum,Phoenix,home,Playoffs,7,2,5,0.286,1984,1991
1610612762,Utah,Jazz,Arizona Veterans Memorial Coliseum,Phoenix,home,Regular Season,41,5,36,0.122,1975,1992
1610612762,Utah,Jazz,Ball Arena,Denver,home,Playoffs,3,1,2,0.333,2010,2010
1610612762,Utah,Jazz,Ball Arena,Denver,home,Regular Season,53,19,34,0.358,2000,2026
1610612762,Utah,Jazz,Barclays Center,Brooklyn,home,Regular Season,14,8,6,0.571,2013,2026
1610612762,Utah,Jazz,Boston Garden,Boston,home,Regular Season,26,4,22,0.154,1975,1995
1610612762,Utah,Jazz,Bradley Center,Milwaukee,home,Regular Season,28,15,13,0.536,1989,2018
1610612762,Utah,Jazz,Buffalo Memorial Auditorium,Buffalo,home,Regular Season,9,1,8,0.111,1975,1978
1610612762,Utah,Jazz,Capital Centre,Landover,home,Regular Season,31,13,18,0.419,1975,1997
1610612762,Utah,Jazz,Capital One Arena,Washington,home,Regular Season,28,15,13,0.536,1998,2026
1610612762,Utah,Jazz,Charlotte Coliseum,Charlotte,home,Regular Season,16,9,7,0.562,1989,2005
1610612762,Utah,Jazz,Chase Center,San Francisco,home,Regular Season,13,2,11,0.154,2020,2026
1610612762,Utah,Jazz,Chicago Stadium,Chicago,home,Regular Season,27,9,18,0.333,1975,1994
1610612762,Utah,Jazz,Cobo Arena,Detroit,home,Regular Season,8,2,6,0.25,1975,1978
1610612762,Utah,Jazz,Crypto.com Arena,Los Angeles,home,Playoffs,15,3,12,0.2,2008,2021
1610612762,Utah,Jazz,Crypto.com Arena,Los Angeles,home,Regular Season,94,36,58,0.383,2000,2026
1610612762,Utah,Jazz,Delta Center,Salt Lake City,home,Playoffs,115,78,37,0.678,1992,2022
1610612762,Utah,Jazz,Delta Center,Salt Lake City,home,Regular Season,1394,945,449,0.678,1992,2026
1610612762,Utah,Jazz,FedExForum,Memphis,home,Playoffs,2,2,0,1.0,2021,2021
1610612762,Utah,Jazz,FedExForum,Memphis,home,Regular Season,38,16,22,0.421,2005,2026
1610612762,Utah,Jazz,Fiserv Forum,Milwaukee,home,Regular Season,8,3,5,0.375,2019,2026
1610612762,Utah,Jazz,Frost Bank Center,San Antonio,home,Playoffs,5,0,5,0.0,2007,2012
1610612762,Utah,Jazz,Frost Bank Center,San Antonio,home,Regular Season,41,10,31,0.244,2003,2026
1610612762,Utah,Jazz,Gainbridge Fieldhouse,Indianapolis,home,Regular Season,27,10,17,0.37,2000,2026
1610612762,Utah,Jazz,Georgia Dome,Atlanta,home,Regular Season,1,1,0,1.0,1998,1998
1610612762,Utah,Jazz,Golden 1 Center,Sacramento,home,Regular Season,19,10,9,0.526,2017,2026
1610612762,Utah,Jazz,HemisFair Arena,San Antonio,home,Regular Season,45,11,34,0.244,1977,1993
1610612762,Utah,Jazz,Hofheinz Pavilion,Houston,home,Regular Season,4,1,3,0.25,1975,1975
1610612762,Utah,Jazz,Hubert H. Humphrey Metrodome,Minneapolis,home,Regular Season,3,3,0,1.0,1990,1990
1610612762,Utah,Jazz,Intuit Dome,Inglewood,home,Regular Season,4,0,4,0.0,2025,2026
1610612762,Utah,Jazz,Izod Center,East Rutherford,home,Regular Season,28,16,12,0.571,1982,2010
1610612762,Utah,Jazz,Kaseya Center,Miami,home,Regular Season,26,8,18,0.308,2000,2026
1610612762,Utah,Jazz,Kemper Arena,Kansas City,home,Regular Season,23,3,20,0.13,1976,1985
1610612762,Utah,Jazz,KeyArena,Seattle,home,Playoffs,11,3,8,0.273,1992,2000
1610612762,Utah,Jazz,KeyArena,Seattle,home,Regular Season,46,19,27,0.413,1986,2008
1610612762,Utah,Jazz,Kia Center,Orlando,home,Regular Season,14,10,4,0.714,2011,2026
1610612762,Utah,Jazz,Kingdome,Seattle,home,Regular Season,15,4,11,0.267,1980,1985
1610612762,Utah,Jazz,LA Memorial Sports Arena,Los Angeles,home,Playoffs,3,1,2,0.333,1992,1997
1610612762,Utah,Jazz,LA Memorial Sports Arena,Los Angeles,home,Regular Season,32,16,16,0.5,1985,1999
1610612762,Utah,Jazz,Little Caesars Arena,Detroit,home,Regular Season,9,7,2,0.778,2018,2026
1610612762,Utah,Jazz,Louisiana Superdome,New Orleans,home,Regular Season,164,97,67,0.591,1976,1979
1610612762,Utah,Jazz,MECCA Arena,Milwaukee,home,Regular Season,20,6,14,0.3,1975,1988
1610612762,Utah,Jazz,Madison Square Garden,New York,home,Regular Season,56,17,39,0.304,1975,2026
1610612762,Utah,Jazz,Market Square Arena,Indianapolis,home,Regular Season,24,8,16,0.333,1977,1998
1610612762,Utah,Jazz,McNichols Sports Arena,Denver,home,Playoffs,8,2,6,0.25,1984,1994
1610612762,Utah,Jazz,McNichols Sports Arena,Denver,home,Regular Season,57,21,36,0.368,1977,1999
1610612762,Utah,Jazz,Memorial Coliseum,Portland,home,Playoffs,8,1,7,0.125,1988,1992
1610612762,Utah,Jazz,Memorial Coliseum,Portland,home,Regular Season,47,13,34,0.277,1975,1995
1610612762,Utah,Jazz,Miami Arena,Miami,home,Regular Season,12,8,4,0.667,1989,1998
1610612762,Utah,Jazz,Moda Center,Portland,home,Playoffs,8,0,8,0.0,1996,2000
1610612762,Utah,Jazz,Moda Center,Portland,home,Regular Season,60,23,37,0.383,1996,2026
1610612762,Utah,Jazz,Mortgage Matchup Center,Phoenix,home,Regular Season,62,27,35,0.435,1993,2026
1610612762,Utah,Jazz,Municipal Auditorium,New Orleans,home,Regular Season,46,20,26,0.435,1975,1980
1610612762,Utah,Jazz,Nassau Veterans Memorial Coliseum,Uniondale,home,Regular Season,2,0,2,0.0,1977,1977
1610612762,Utah,Jazz,Oracle Arena,Oakland,home,Playoffs,7,1,6,0.143,1987,2017
1610612762,Utah,Jazz,Oracle Arena,Oakland,home,Regular Season,90,38,52,0.422,1975,2019
1610612762,Utah,Jazz,Orlando Bubble,Bay Lake,bubble,Playoffs,7,3,4,0.429,2021,2021
1610612762,Utah,Jazz,Orlando Bubble,Bay Lake,bubble,Regular Season,8,3,5,0.375,2020,2021
1610612762,Utah,Jazz,Paycom Center,Oklahoma City,home,Playoffs,3,1,2,0.333,2018,2018
1610612762,Utah,Jazz,Paycom Center,Oklahoma City,home,Regular Season,37,9,28,0.243,2006,2026
1610612762,Utah,Jazz,Pontiac Silverdome,Pontiac,home,Regular Season,11,4,7,0.364,1979,1988
1610612762,Utah,Jazz,Prudential Center,Newark,home,Regular Season,2,1,1,0.5,2011,2012
1610612762,Utah,Jazz,Pyramid Arena,Memphis,home,Regular Season,6,2,4,0.333,2002,2004
1610612762,Utah,Jazz,Reunion Arena,Dallas,home,Playoffs,4,0,4,0.0,1986,2001
1610612762,Utah,Jazz,Reunion Arena,Dallas,home,Regular Season,53,28,25,0.528,1981,2001
1610612762,Utah,Jazz,Richfield Coliseum,Richfield,home,Regular Season,28,12,16,0.429,1975,1994
1610612762,Utah,Jazz,Rocket Arena,Cleveland,home,Regular Season,31,11,20,0.355,1995,2026
1610612762,Utah,Jazz,Rogers Arena,Vancouver,home,Regular Season,11,11,0,1.0,1996,2001
1610612762,Utah,Jazz,Rutgers Athletic Center,Piscataway,home,Regular Season,6,2,4,0.333,1978,1981
1610612762,Utah,Jazz,Salt Palace,Salt Lake City,home,Playoffs,29,17,12,0.586,1984,1991
1610612762,Utah,Jazz,Salt Palace,Salt Lake City,home,Regular Season,492,330,162,0.671,1980,1991
1610612762,Utah,Jazz,San Diego Sports Arena,San Diego,home,Regular Season,15,5,10,0.333,1979,1984
1610612762,Utah,Jazz,San Jose Arena,San Jose,home,Regular Season,2,2,0,1.0,1997,1997
1610612762,Utah,Jazz,Scotiabank Arena,Toronto,home,Regular Season,25,13,12,0.52,2000,2026
1610612762,Utah,Jazz,Seattle Center Coliseum,Seattle,home,Regular Season,2,0,2,0.0,1975,1975
1610612762,Utah,Jazz,SkyDome,Toronto,home,Regular Season,3,2,1,0.667,1996,1998
1610612762,Utah,Jazz,Sleep Train Arena,Sacramento,home,Playoffs,7,2,5,0.286,1999,2003
1610612762,Utah,Jazz,Sleep Train Arena,Sacramento,home,Regular Season,53,25,28,0.472,1989,2016
1610612762,Utah,Jazz,Smoothie King Center,New Orleans,home,Regular Season,37,17,20,0.459,2003,2026
1610612762,Utah,Jazz,Spectrum Center,Charlotte,home,Regular Season,21,11,10,0.524,2006,2026
1610612762,Utah,Jazz,State Farm Arena,Atlanta,home,Regular Season,27,13,14,0.481,2000,2026
1610612762,Utah,Jazz,TD Garden,Boston,home,Regular Season,30,12,18,0.4,1996,2026
1610612762,Utah,Jazz,Tacoma Dome,Tacoma,home,Regular Season,2,1,1,0.5,1995,1995
1610612762,Utah,Jazz,Target Center,Minneapolis,home,Regular Season,72,39,33,0.542,1991,2026
1610612762,Utah,Jazz,The Forum,Inglewood,home,Playoffs,8,4,4,0.5,1988,1998
1610612762,Utah,Jazz,The Forum,Inglewood,home,Regular Season,54,12,42,0.222,1975,1999
1610612762,Utah,Jazz,The Omni,Atlanta,home,Regular Season,31,9,22,0.29,1975,1997
1610612762,Utah,Jazz,The Palace of Auburn Hills,Auburn Hills,home,Regular Season,28,18,10,0.643,1989,2017
1610612762,Utah,Jazz,The Spectrum,Philadelphia,home,Regular Season,28,7,21,0.25,1975,1996
1610612762,Utah,Jazz,The Summit,Houston,home,Playoffs,13,5,8,0.385,1985,1998
1610612762,Utah,Jazz,The Summit,Houston,home,Regular Season,67,28,39,0.418,1976,2003
1610612762,Utah,Jazz,Toyota Center,Houston,home,Playoffs,13,4,9,0.308,2007,2019
1610612762,Utah,Jazz,Toyota Center,Houston,home,Regular Season,41,15,26,0.366,2004,2026
1610612762,Utah,Jazz,United Center,Chicago,home,Playoffs,6,1,5,0.167,1997,1998
1610612762,Utah,Jazz,United Center,Chicago,home,Regular Season,31,13,18,0.419,1995,2026
1610612762,Utah,Jazz,Xfinity Mobile Arena,Philadelphia,home,Regular Season,29,16,13,0.552,1997,2026
1610612758,Sacramento,Kings,ARCO Arena I,Sacramento,home,Playoffs,1,0,1,0.0,1986,1986
1610612758,Sacramento,Kings,ARCO Arena I,Sacramento,home,Regular Season,123,64,59,0.52,1986,1988
1610612758,Sacramento,Kings,Alamodome,San Antonio,home,Regular Season,17,5,12,0.294,1994,2002
1610612758,Sacramento,Kings,Alexander Memorial Coliseum,Atlanta,home,Regular Season,10,3,7,0.3,1969,1971
1610612758,Sacramento,Kings,Amalie Arena,Tampa,home,Regular Season,1,1,0,1.0,2021,2021
1610612758,Sacramento,Kings,American Airlines Center,Dallas,home,Playoffs,8,4,4,0.5,2002,2004
1610612758,Sacramento,Kings,American Airlines Center,Dallas,home,Regular Season,45,17,28,0.378,2002,2026
1610612758,Sacramento,Kings,Amway Arena,Orlando,home,Regular Season,22,7,15,0.318,1990,2010
1610612758,Sacramento,Kings,Arizona Veterans Memorial Coliseum,Phoenix,home,Playoffs,9,2,7,0.222,1979,1981
1610612758,Sacramento,Kings,Arizona Veterans Memorial Coliseum,Phoenix,home,Regular Season,63,16,47,0.254,1969,1992
1610612758,Sacramento,Kings,Ball Arena,Denver,home,Regular Season,48,15,33,0.312,2000,2026
1610612758,Sacramento,Kings,Baltimore Civic Center,Baltimore,home,Regular Season,40,13,27,0.325,1964,1973
1610612758,Sacramento,Kings,Barclays Center,Brooklyn,home,Regular Season,14,5,9,0.357,2013,2026
1610612758,Sacramento,Kings,Boston Garden,Boston,home,Playoffs,10,4,6,0.4,1963,1966
1610612758,Sacramento,Kings,Boston Garden,Boston,home,Regular Season,77,14,63,0.182,1962,1995
1610612758,Sacramento,Kings,Bradley Center,Milwaukee,home,Regular Season,28,15,13,0.536,1989,2018
1610612758,Sacramento,Kings,Buffalo Memorial Auditorium,Buffalo,home,Regular Season,16,8,8,0.5,1971,1978
1610612758,Sacramento,Kings,Capital Centre,Landover,home,Regular Season,29,10,19,0.345,1974,1997
1610612758,Sacramento,Kings,Capital One Arena,Washington,home,Regular Season,29,11,18,0.379,1998,2026
1610612758,Sacramento,Kings,Charlotte Coliseum,Charlotte,home,Regular Season,15,5,10,0.333,1989,2005
1610612758,Sacramento,Kings,Chase Center,San Francisco,home,Playoffs,3,1,2,0.333,2023,2023
1610612758,Sacramento,Kings,Chase Center,San Francisco,home,Regular Season,14,4,10,0.286,2020,2026
1610612758,Sacramento,Kings,Chicago Stadium,Chicago,home,Playoffs,3,0,3,0.0,1975,1975
1610612758,Sacramento,Kings,Chicago Stadium,Chicago,home,Regular Season,57,20,37,0.351,1967,1994
1610612758,Sacramento,Kings,Cincinnati Gardens,Cincinnati,home,Playoffs,18,8,10,0.444,1962,1967
1610612758,Sacramento,Kings,Cincinnati Gardens,Cincinnati,home,Regular Season,445,296,149,0.665,1962,1972
1610612758,Sacramento,Kings,Cleveland Arena,Cleveland,home,Regular Season,9,4,5,0.444,1971,1973
1610612758,Sacramento,Kings,Cobo Arena,Detroit,home,Playoffs,2,0,2,0.0,1962,1962
1610612758,Sacramento,Kings,Cobo Arena,Detroit,home,Regular Season,56,18,38,0.321,1962,1978
1610612758,Sacramento,Kings,Cow Palace,San Francisco,home,Regular Season,35,18,17,0.514,1963,1971
1610612758,Sacramento,Kings,Crypto.com Arena,Los Angeles,home,Playoffs,8,1,7,0.125,2000,2002
1610612758,Sacramento,Kings,Crypto.com Arena,Los Angeles,home,Regular Season,100,42,58,0.42,2000,2026
1610612758,Sacramento,Kings,Delta Center,Salt Lake City,home,Playoffs,7,4,3,0.571,1999,2003
1610612758,Sacramento,Kings,Delta Center,Salt Lake City,home,Regular Season,64,22,42,0.344,1992,2026
1610612758,Sacramento,Kings,FedExForum,Memphis,home,Regular Season,39,11,28,0.282,2005,2026
1610612758,Sacramento,Kings,Fiserv Forum,Milwaukee,home,Regular Season,8,1,7,0.125,2019,2026
1610612758,Sacramento,Kings,Frost Bank Center,San Antonio,home,Playoffs,3,0,3,0.0,2006,2006
1610612758,Sacramento,Kings,Frost Bank Center,San Antonio,home,Regular Season,40,10,30,0.25,2003,2026
1610612758,Sacramento,Kings,Gainbridge Fieldhouse,Indianapolis,home,Regular Season,26,11,15,0.423,2000,2026
1610612758,Sacramento,Kings,Georgia Dome,Atlanta,home,Regular Season,1,0,1,0.0,1998,1998
1610612758,Sacramento,Kings,Golden 1 Center,Sacramento,home,Playoffs,4,2,2,0.5,2023,2023
1610612758,Sacramento,Kings,Golden 1 Center,Sacramento,home,Regular Season,392,181,211,0.462,2017,2026
1610612758,Sacramento,Kings,HemisFair Arena,San Antonio,home,Regular Season,41,11,30,0.268,1977,1993
1610612758,Sacramento,Kings,Hofheinz Pavilion,Houston,home,Regular Season,8,2,6,0.25,1972,1975
1610612758,Sacramento,Kings,Hubert H. Humphrey Metrodome,Minneapolis,home,Regular Season,2,0,2,0.0,1990,1990
1610612758,Sacramento,Kings,Intuit Dome,Inglewood,home,Regular Season,4,1,3,0.25,2025,2026
1610612758,Sacramento,Kings,Izod Center,East Rutherford,home,Regular Season,28,9,19,0.321,1982,2010
1610612758,Sacramento,Kings,Kaseya Center,Miami,home,Regular Season,27,5,22,0.185,2000,2026
1610612758,Sacramento,Kings,Kemper Arena,Kansas City,home,Playoffs,10,4,6,0.4,1979,1984
1610612758,Sacramento,Kings,Kemper Arena,Kansas City,home,Regular Season,369,233,136,0.631,1976,1985
1610612758,Sacramento,Kings,KeyArena,Seattle,home,Playoffs,5,1,4,0.2,1996,2005
1610612758,Sacramento,Kings,KeyArena,Seattle,home,Regular Season,48,15,33,0.312,1986,2008
1610612758,Sacramento,Kings,Kia Center,Orlando,home,Regular Season,14,10,4,0.714,2011,2026
1610612758,Sacramento,Kings,Kiel Auditorium,St. Louis,home,Regular Season,30,10,20,0.333,1962,1968
1610612758,Sacramento,Kings,Kingdome,Seattle,home,Regular Season,16,5,11,0.312,1980,1985
1610612758,Sacramento,Kings,LA Memorial Sports Arena,Los Angeles,home,Regular Season,67,17,50,0.254,1962,1999
1610612758,Sacramento,Kings,Little Caesars Arena,Detroit,home,Regular Season,9,6,3,0.667,2018,2026
1610612758,Sacramento,Kings,Louisiana Superdome,New Orleans,home,Regular Season,8,1,7,0.125,1976,1979
1610612758,Sacramento,Kings,MECCA Arena,Milwaukee,home,Regular Season,44,9,35,0.205,1969,1988
1610612758,Sacramento,Kings,Madison Square Garden,New York,home,Regular Season,72,23,49,0.319,1969,2026
1610612758,Sacramento,Kings,Madison Square Garden III,New York,home,Regular Season,36,20,16,0.556,1962,1968
1610612758,Sacramento,Kings,Market Square Arena,Indianapolis,home,Regular Season,25,6,19,0.24,1977,1998
1610612758,Sacramento,Kings,McNichols Sports Arena,Denver,home,Regular Season,54,15,39,0.278,1977,1999
1610612758,Sacramento,Kings,Memorial Coliseum,Portland,home,Playoffs,2,2,0,1.0,1981,1981
1610612758,Sacramento,Kings,Memorial Coliseum,Portland,home,Regular Season,61,8,53,0.131,1971,1995
1610612758,Sacramento,Kings,Miami Arena,Miami,home,Regular Season,11,2,9,0.182,1989,1998
1610612758,Sacramento,Kings,Moda Center,Portland,home,Regular Season,56,14,42,0.25,1996,2026
1610612758,Sacramento,Kings,Moody Center,Austin,home,Regular Season,1,0,1,0.0,2026,2026
1610612758,Sacramento,Kings,Mortgage Matchup Center,Phoenix,home,Playoffs,2,2,0,1.0,2001,2001
1610612758,Sacramento,Kings,Mortgage Matchup Center,Phoenix,home,Regular Season,68,22,46,0.324,1993,2026
1610612758,Sacramento,Kings,Municipal Auditorium,Kansas City,home,Playoffs,4,3,1,0.75,1975,1980
1610612758,Sacramento,Kings,Municipal Auditorium,Kansas City,home,Regular Season,166,103,63,0.62,1973,1980
1610612758,Sacramento,Kings,Nassau Veterans Memorial Coliseum,Uniondale,home,Regular Season,2,2,0,1.0,1977,1977
1610612758,Sacramento,Kings,Onondaga County War Memorial,Syracuse,home,Playoffs,3,1,2,0.333,1963,1963
1610612758,Sacramento,Kings,Onondaga County War Memorial,Syracuse,home,Regular Season,11,5,6,0.455,1962,1963
1610612758,Sacramento,Kings,Oracle Arena,Oakland,home,Regular Season,104,32,72,0.308,1972,2019
1610612758,Sacramento,Kings,Orlando Bubble,Bay Lake,bubble,Regular Season,8,3,5,0.375,2020,2021
1610612758,Sacramento,Kings,Paycom Center,Oklahoma City,home,Regular Season,34,7,27,0.206,2006,2026
1610612758,Sacramento,Kings,Philadelphia Arena,Philadelphia,home,Playoffs,6,2,4,0.333,1964,1967
1610612758,Sacramento,Kings,Philadelphia Arena,Philadelphia,home,Regular Season,24,6,18,0.25,1962,1967
1610612758,Sacramento,Kings,Pontiac Silverdome,Pontiac,home,Regular Season,11,3,8,0.273,1979,1988
1610612758,Sacramento,Kings,Prudential Center,Newark,home,Regular Season,1,0,1,0.0,2011,2011
1610612758,Sacramento,Kings,Pyramid Arena,Memphis,home,Regular Season,6,3,3,0.5,2002,2004
1610612758,Sacramento,Kings,Reunion Arena,Dallas,home,Regular Season,50,17,33,0.34,1981,2001
1610612758,Sacramento,Kings,Richfield Coliseum,Richfield,home,Regular Season,27,8,19,0.296,1974,1994
1610612758,Sacramento,Kings,Rocket Arena,Cleveland,home,Regular Season,30,13,17,0.433,1995,2026
1610612758,Sacramento,Kings,Rogers Arena,Vancouver,home,Regular Season,12,8,4,0.667,1996,2001
1610612758,Sacramento,Kings,Rutgers Athletic Center,Piscataway,home,Regular Season,6,3,3,0.5,1978,1981
1610612758,Sacramento,Kings,Salt Palace,Salt Lake City,home,Regular Season,33,9,24,0.273,1980,1991
1610612758,Sacramento,Kings,San Diego Sports Arena,San Diego,home,Regular Season,27,15,12,0.556,1968,1984
1610612758,Sacramento,Kings,San Jose Arena,San Jose,home,Regular Season,2,1,1,0.5,1997,1997
1610612758,Sacramento,Kings,Scotiabank Arena,Toronto,home,Regular Season,26,10,16,0.385,2000,2026
1610612758,Sacramento,Kings,Seattle Center Coliseum,Seattle,home,Regular Season,22,7,15,0.318,1968,1975
1610612758,Sacramento,Kings,SkyDome,Toronto,home,Regular Season,3,2,1,0.667,1996,1998
1610612758,Sacramento,Kings,Sleep Train Arena,Sacramento,home,Playoffs,36,22,14,0.611,1996,2006
1610612758,Sacramento,Kings,Sleep Train Arena,Sacramento,home,Regular Season,1123,630,493,0.561,1989,2016
1610612758,Sacramento,Kings,Smoothie King Center,New Orleans,home,Regular Season,39,14,25,0.359,2003,2026
1610612758,Sacramento,Kings,Spectrum Center,Charlotte,home,Regular Season,21,8,13,0.381,2006,2026
1610612758,Sacramento,Kings,State Farm Arena,Atlanta,home,Regular Season,26,8,18,0.308,2000,2026
1610612758,Sacramento,Kings,TD Garden,Boston,home,Regular Season,29,8,21,0.276,1996,2026
1610612758,Sacramento,Kings,Tacoma Dome,Tacoma,home,Regular Season,3,1,2,0.333,1995,1995
1610612758,Sacramento,Kings,Target Center,Minneapolis,home,Playoffs,4,1,3,0.25,2004,2004
1610612758,Sacramento,Kings,Target Center,Minneapolis,home,Regular Season,66,26,40,0.394,1991,2026
1610612758,Sacramento,Kings,The Forum,Inglewood,home,Playoffs,2,0,2,0.0,1984,1984
1610612758,Sacramento,Kings,The Forum,Inglewood,home,Regular Season,81,8,73,0.099,1968,1999
1610612758,Sacramento,Kings,The Omni,Atlanta,home,Regular Season,34,11,23,0.324,1972,1997
1610612758,Sacramento,Kings,The Palace of Auburn Hills,Auburn Hills,home,Regular Season,28,9,19,0.321,1989,2017
1610612758,Sacramento,Kings,The Spectrum,Philadelphia,home,Regular Season,45,12,33,0.267,1968,1996
1610612758,Sacramento,Kings,The Summit,Houston,home,Playoffs,4,0,4,0.0,1981,1986
1610612758,Sacramento,Kings,The Summit,Houston,home,Regular Season,63,16,47,0.254,1976,2003
1610612758,Sacramento,Kings,Toyota Center,Houston,home,Regular Season,41,13,28,0.317,2004,2026
1610612758,Sacramento,Kings,United Center,Chicago,home,Regular Season,31,15,16,0.484,1995,2026
1610612758,Sacramento,Kings,Xfinity Mobile Arena,Philadelphia,home,Regular Season,30,11,19,0.367,1997,2026
1610612752,New York,Knicks,ARCO Arena I,Sacramento,home,Regular Season,3,1,2,0.333,1986,1988
1610612752,New York,Knicks,Alamodome,San Antonio,home,Playoffs,2,0,2,0.0,1999,1999
1610612752,New York,Knicks,Alamodome,San Antonio,home,Regular Season,8,2,6,0.25,1994,2002
1610612752,New York,Knicks,Alexander Memorial Coliseum,Atlanta,home,Playoffs,2,2,0,1.0,1971,1971
1610612752,New York,Knicks,Alexander Memorial Coliseum,Atlanta,home,Regular Season,9,4,5,0.444,1969,1971
1610612752,New York,Knicks,Amalie Arena,Tampa,home,Regular Season,1,0,1,0.0,2021,2021
1610612752,New York,Knicks,American Airlines Center,Dallas,home,Regular Season,25,8,17,0.32,2002,2026
1610612752,New York,Knicks,Amway Arena,Orlando,home,Regular Season,41,17,24,0.415,1990,2010
1610612752,New York,Knicks,Arizona Veterans Memorial Coliseum,Phoenix,home,Regular Season,37,14,23,0.378,1969,1992
1610612752,New York,Knicks,Ball Arena,Denver,home,Regular Season,26,6,20,0.231,2000,2026
1610612752,New York,Knicks,Baltimore Civic Center,Baltimore,home,Playoffs,13,5,8,0.385,1969,1973
1610612752,New York,Knicks,Baltimore Civic Center,Baltimore,home,Regular Season,40,19,21,0.475,1964,1973
1610612752,New York,Knicks,Barclays Center,Brooklyn,home,Regular Season,28,13,15,0.464,2013,2026
1610612752,New York,Knicks,Boston Garden,Boston,home,Playoffs,24,7,17,0.292,1967,1990
1610612752,New York,Knicks,Boston Garden,Boston,home,Regular Season,115,26,89,0.226,1962,1995
1610612752,New York,Knicks,Bradley Center,Milwaukee,home,Regular Season,55,26,29,0.473,1989,2018
1610612752,New York,Knicks,Buffalo Memorial Auditorium,Buffalo,home,Regular Season,23,10,13,0.435,1971,1978
1610612752,New York,Knicks,Capital Centre,Landover,home,Playoffs,3,1,2,0.333,1974,1974
1610612752,New York,Knicks,Capital Centre,Landover,home,Regular Season,62,31,31,0.5,1974,1997
1610612752,New York,Knicks,Capital One Arena,Washington,home,Regular Season,49,26,23,0.531,1998,2026
1610612752,New York,Knicks,Charlotte Coliseum,Charlotte,home,Playoffs,3,2,1,0.667,1993,1997
1610612752,New York,Knicks,Charlotte Coliseum,Charlotte,home,Regular Season,29,14,15,0.483,1989,2005
1610612752,New York,Knicks,Chase Center,San Francisco,home,Regular Season,7,4,3,0.571,2020,2026
1610612752,New York,Knicks,Chicago Stadium,Chicago,home,Playoffs,16,1,15,0.062,1981,1994
1610612752,New York,Knicks,Chicago Stadium,Chicago,home,Regular Season,69,27,42,0.391,1967,1994
1610612752,New York,Knicks,Cincinnati Gardens,Cincinnati,home,Regular Season,45,9,36,0.2,1962,1972
1610612752,New York,Knicks,Cleveland Arena,Cleveland,home,Regular Season,8,7,1,0.875,1971,1973
1610612752,New York,Knicks,Cobo Arena,Detroit,home,Regular Season,57,24,33,0.421,1962,1978
1610612752,New York,Knicks,Cow Palace,San Francisco,home,Regular Season,38,18,20,0.474,1963,1971
1610612752,New York,Knicks,Crypto.com Arena,Los Angeles,home,Regular Season,51,13,38,0.255,2000,2026
1610612752,New York,Knicks,Delta Center,Salt Lake City,home,Regular Season,33,10,23,0.303,1992,2026
1610612752,New York,Knicks,FedExForum,Memphis,home,Regular Season,21,8,13,0.381,2005,2026
1610612752,New York,Knicks,Fiserv Forum,Milwaukee,home,Regular Season,13,5,8,0.385,2019,2026
1610612752,New York,Knicks,Frost Bank Center,San Antonio,home,Playoffs,3,3,0,1.0,2026,2026
1610612752,New York,Knicks,Frost Bank Center,San Antonio,home,Regular Season,24,4,20,0.167,2003,2026
1610612752,New York,Knicks,Gainbridge Fieldhouse,Indianapolis,home,Playoffs,12,1,11,0.083,2000,2025
1610612752,New York,Knicks,Gainbridge Fieldhouse,Indianapolis,home,Regular Season,50,16,34,0.32,2000,2026
1610612752,New York,Knicks,Georgia Dome,Atlanta,home,Playoffs,2,2,0,1.0,1999,1999
1610612752,New York,Knicks,Georgia Dome,Atlanta,home,Regular Season,4,2,2,0.5,1998,1999
1610612752,New York,Knicks,Golden 1 Center,Sacramento,home,Regular Season,10,5,5,0.5,2017,2026
1610612752,New York,Knicks,HemisFair Arena,San Antonio,home,Regular Season,22,6,16,0.273,1977,1993
1610612752,New York,Knicks,Hofheinz Pavilion,Houston,home,Playoffs,2,0,2,0.0,1975,1975
1610612752,New York,Knicks,Hofheinz Pavilion,Houston,home,Regular Season,11,9,2,0.818,1972,1975
1610612752,New York,Knicks,Hubert H. Humphrey Metrodome,Minneapolis,home,Regular Season,1,0,1,0.0,1990,1990
1610612752,New York,Knicks,Intuit Dome,Inglewood,home,Regular Season,2,0,2,0.0,2025,2026
1610612752,New York,Knicks,Izod Center,East Rutherford,home,Playoffs,5,2,3,0.4,1983,2004
1610612752,New York,Knicks,Izod Center,East Rutherford,home,Regular Season,67,23,44,0.343,1982,2010
1610612752,New York,Knicks,Kaseya Center,Miami,home,Playoffs,10,2,8,0.2,2000,2023
1610612752,New York,Knicks,Kaseya Center,Miami,home,Regular Season,47,18,29,0.383,2000,2026
1610612752,New York,Knicks,Kemper Arena,Kansas City,home,Regular Season,12,4,8,0.333,1976,1985
1610612752,New York,Knicks,KeyArena,Seattle,home,Regular Season,21,8,13,0.381,1986,2008
1610612752,New York,Knicks,Kia Center,Orlando,home,Regular Season,27,13,14,0.481,2011,2026
1610612752,New York,Knicks,Kiel Auditorium,St. Louis,home,Regular Season,33,5,28,0.152,1962,1968
1610612752,New York,Knicks,Kingdome,Seattle,home,Regular Season,6,2,4,0.333,1980,1985
1610612752,New York,Knicks,LA Memorial Sports Arena,Los Angeles,home,Regular Season,40,14,26,0.35,1962,1998
1610612752,New York,Knicks,Little Caesars Arena,Detroit,home,Playoffs,3,3,0,1.0,2025,2025
1610612752,New York,Knicks,Little Caesars Arena,Detroit,home,Regular Season,15,8,7,0.533,2018,2026
1610612752,New York,Knicks,Louisiana Superdome,New Orleans,home,Regular Season,9,2,7,0.222,1976,1979
1610612752,New York,Knicks,MECCA Arena,Milwaukee,home,Playoffs,2,1,1,0.5,1970,1970
1610612752,New York,Knicks,MECCA Arena,Milwaukee,home,Regular Season,49,16,33,0.327,1969,1988
1610612752,New York,Knicks,Madison Square Garden,New York,home,Playoffs,180,120,60,0.667,1969,2026
1610612752,New York,Knicks,Madison Square Garden,New York,home,Regular Season,2341,1405,936,0.6,1969,2026
1610612752,New York,Knicks,Madison Square Garden III,New York,home,Playoffs,5,2,3,0.4,1967,1968
1610612752,New York,Knicks,Madison Square Garden III,New York,home,Regular Season,275,145,130,0.527,1962,1968
1610612752,New York,Knicks,Market Square Arena,Indianapolis,home,Playoffs,14,5,9,0.357,1993,1999
1610612752,New York,Knicks,Market Square Arena,Indianapolis,home,Regular Season,52,22,30,0.423,1977,1999
1610612752,New York,Knicks,McNichols Sports Arena,Denver,home,Regular Season,25,12,13,0.48,1977,1998
1610612752,New York,Knicks,Memorial Coliseum,Portland,home,Regular Season,34,8,26,0.235,1971,1995
1610612752,New York,Knicks,Miami Arena,Miami,home,Playoffs,10,5,5,0.5,1997,1999
1610612752,New York,Knicks,Miami Arena,Miami,home,Regular Season,24,14,10,0.583,1989,1999
1610612752,New York,Knicks,Moda Center,Portland,home,Regular Season,29,10,19,0.345,1996,2026
1610612752,New York,Knicks,Mortgage Matchup Center,Phoenix,home,Regular Season,33,10,23,0.303,1993,2026
1610612752,New York,Knicks,Municipal Auditorium,Kansas City,home,Regular Season,9,6,3,0.667,1973,1980
1610612752,New York,Knicks,Nassau Veterans Memorial Coliseum,Uniondale,home,Regular Season,2,2,0,1.0,1977,1977
1610612752,New York,Knicks,Onondaga County War Memorial,Syracuse,home,Regular Season,12,0,12,0.0,1962,1963
1610612752,New York,Knicks,Oracle Arena,Oakland,home,Regular Season,54,19,35,0.352,1972,2019
1610612752,New York,Knicks,Paycom Center,Oklahoma City,home,Regular Season,19,4,15,0.211,2006,2026
1610612752,New York,Knicks,Philadelphia Arena,Philadelphia,home,Regular Season,26,5,21,0.192,1962,1967
1610612752,New York,Knicks,Pontiac Silverdome,Pontiac,home,Playoffs,3,2,1,0.667,1984,1984
1610612752,New York,Knicks,Pontiac Silverdome,Pontiac,home,Regular Season,28,10,18,0.357,1979,1988
1610612752,New York,Knicks,Prudential Center,Newark,home,Regular Season,3,3,0,1.0,2011,2012
1610612752,New York,Knicks,Pyramid Arena,Memphis,home,Regular Season,3,3,0,1.0,2002,2004
1610612752,New York,Knicks,Reunion Arena,Dallas,home,Regular Season,20,11,9,0.55,1981,2001
1610612752,New York,Knicks,Richfield Coliseum,Richfield,home,Playoffs,1,1,0,1.0,1978,1978
1610612752,New York,Knicks,Richfield Coliseum,Richfield,home,Regular Season,51,21,30,0.412,1974,1994
1610612752,New York,Knicks,Rocket Arena,Cleveland,home,Playoffs,9,8,1,0.889,1995,2026
1610612752,New York,Knicks,Rocket Arena,Cleveland,home,Regular Season,58,22,36,0.379,1995,2026
1610612752,New York,Knicks,Rogers Arena,Vancouver,home,Regular Season,5,3,2,0.6,1996,2001
1610612752,New York,Knicks,Rutgers Athletic Center,Piscataway,home,Regular Season,10,6,4,0.6,1978,1981
1610612752,New York,Knicks,Salt Palace,Salt Lake City,home,Regular Season,12,5,7,0.417,1980,1991
1610612752,New York,Knicks,San Diego Sports Arena,San Diego,home,Regular Season,19,13,6,0.684,1968,1984
1610612752,New York,Knicks,San Jose Arena,San Jose,home,Regular Season,1,1,0,1.0,1997,1997
1610612752,New York,Knicks,Scotiabank Arena,Toronto,home,Playoffs,3,2,1,0.667,2000,2001
1610612752,New York,Knicks,Scotiabank Arena,Toronto,home,Regular Season,51,18,33,0.353,2000,2026
1610612752,New York,Knicks,Seattle Center Coliseum,Seattle,home,Regular Season,20,11,9,0.55,1968,1975
1610612752,New York,Knicks,SkyDome,Toronto,home,Regular Season,7,6,1,0.857,1996,1999
1610612752,New York,Knicks,Sleep Train Arena,Sacramento,home,Regular Season,28,11,17,0.393,1989,2016
1610612752,New York,Knicks,Smoothie King Center,New Orleans,home,Regular Season,22,12,10,0.545,2003,2026
1610612752,New York,Knicks,Spectrum Center,Charlotte,home,Regular Season,38,14,24,0.368,2006,2026
1610612752,New York,Knicks,State Farm Arena,Atlanta,home,Playoffs,5,2,3,0.4,2021,2026
1610612752,New York,Knicks,State Farm Arena,Atlanta,home,Regular Season,49,26,23,0.531,2000,2026
1610612752,New York,Knicks,T-Mobile Arena,Las Vegas,neutral,Regular Season,1,1,0,1.0,2026,2026
1610612752,New York,Knicks,TD Garden,Boston,home,Playoffs,8,4,4,0.5,2011,2025
1610612752,New York,Knicks,TD Garden,Boston,home,Regular Season,61,21,40,0.344,1996,2026
1610612752,New York,Knicks,Tacoma Dome,Tacoma,home,Regular Season,1,0,1,0.0,1995,1995
1610612752,New York,Knicks,Target Center,Minneapolis,home,Regular Season,34,17,17,0.5,1991,2026
1610612752,New York,Knicks,The Forum,Inglewood,home,Playoffs,9,4,5,0.444,1970,1973
1610612752,New York,Knicks,The Forum,Inglewood,home,Regular Season,49,20,29,0.408,1968,1999
1610612752,New York,Knicks,The O2 Arena,London,neutral,Regular Season,3,1,2,0.333,2013,2019
1610612752,New York,Knicks,The Omni,Atlanta,home,Regular Season,61,20,41,0.328,1972,1997
1610612752,New York,Knicks,The Palace of Auburn Hills,Auburn Hills,home,Playoffs,5,1,4,0.2,1990,1992
1610612752,New York,Knicks,The Palace of Auburn Hills,Auburn Hills,home,Regular Season,53,20,33,0.377,1989,2017
1610612752,New York,Knicks,The Spectrum,Philadelphia,home,Playoffs,8,1,7,0.125,1968,1989
1610612752,New York,Knicks,The Spectrum,Philadelphia,home,Regular Season,84,32,52,0.381,1968,1996
1610612752,New York,Knicks,The Summit,Houston,home,Playoffs,4,1,3,0.25,1994,1994
1610612752,New York,Knicks,The Summit,Houston,home,Regular Season,34,9,25,0.265,1976,2003
1610612752,New York,Knicks,Toyota Center,Houston,home,Regular Season,23,5,18,0.217,2004,2026
1610612752,New York,Knicks,United Center,Chicago,home,Playoffs,3,0,3,0.0,1996,1996
1610612752,New York,Knicks,United Center,Chicago,home,Regular Season,57,16,41,0.281,1995,2026
1610612752,New York,Knicks,Xfinity Mobile Arena,Philadelphia,home,Playoffs,5,4,1,0.8,2024,2026
1610612752,New York,Knicks,Xfinity Mobile Arena,Philadelphia,home,Regular Season,59,26,33,0.441,1997,2026
1610612747,Los Angeles,Lakers,ARCO Arena I,Sacramento,home,Regular Season,8,7,1,0.875,1986,1988
1610612747,Los Angeles,Lakers,Alamodome,San Antonio,home,Playoffs,9,5,4,0.556,1995,2002
1610612747,Los Angeles,Lakers,Alamodome,San Antonio,home,Regular Season,18,6,12,0.333,1994,2002
1610612747,Los Angeles,Lakers,Alexander Memorial Coliseum,Atlanta,home,Playoffs,4,3,1,0.75,1969,1970
1610612747,Los Angeles,Lakers,Alexander Memorial Coliseum,Atlanta,home,Regular Season,9,4,5,0.444,1969,1971
1610612747,Los Angeles,Lakers,Amalie Arena,Tampa,home,Regular Season,1,1,0,1.0,2021,2021
1610612747,Los Angeles,Lakers,American Airlines Center,Dallas,home,Playoffs,2,0,2,0.0,2011,2011
1610612747,Los Angeles,Lakers,American Airlines Center,Dallas,home,Regular Season,46,21,25,0.457,2002,2026
1610612747,Los Angeles,Lakers,Amway Arena,Orlando,home,Playoffs,3,2,1,0.667,2009,2009
1610612747,Los Angeles,Lakers,Amway Arena,Orlando,home,Regular Season,22,14,8,0.636,1990,2010
1610612747,Los Angeles,Lakers,Arizona Veterans Memorial Coliseum,Phoenix,home,Playoffs,15,9,6,0.6,1970,1990
1610612747,Los Angeles,Lakers,Arizona Veterans Memorial Coliseum,Phoenix,home,Regular Season,68,26,42,0.382,1969,1992
1610612747,Los Angeles,Lakers,Ball Arena,Denver,home,Playoffs,13,5,8,0.385,2008,2024
1610612747,Los Angeles,Lakers,Ball Arena,Denver,home,Regular Season,49,18,31,0.367,2000,2026
1610612747,Los Angeles,Lakers,Baltimore Civic Center,Baltimore,home,Playoffs,3,1,2,0.333,1965,1965
1610612747,Los Angeles,Lakers,Baltimore Civic Center,Baltimore,home,Regular Season,36,19,17,0.528,1964,1973
1610612747,Los Angeles,Lakers,Barclays Center,Brooklyn,home,Regular Season,14,9,5,0.643,2013,2026
1610612747,Los Angeles,Lakers,Boston Garden,Boston,home,Playoffs,30,10,20,0.333,1962,1987
1610612747,Los Angeles,Lakers,Boston Garden,Boston,home,Regular Season,73,25,48,0.342,1962,1995
1610612747,Los Angeles,Lakers,Bradley Center,Milwaukee,home,Regular Season,29,14,15,0.483,1989,2018
1610612747,Los Angeles,Lakers,Buffalo Memorial Auditorium,Buffalo,home,Regular Season,16,9,7,0.562,1971,1978
1610612747,Los Angeles,Lakers,Capital Centre,Landover,home,Regular Season,30,11,19,0.367,1974,1997
1610612747,Los Angeles,Lakers,Capital One Arena,Washington,home,Regular Season,27,14,13,0.519,1998,2026
1610612747,Los Angeles,Lakers,Charlotte Coliseum,Charlotte,home,Regular Season,15,11,4,0.733,1989,2005
1610612747,Los Angeles,Lakers,Chase Center,San Francisco,home,Playoffs,3,1,2,0.333,2023,2023
1610612747,Los Angeles,Lakers,Chase Center,San Francisco,home,Regular Season,13,9,4,0.692,2020,2026
1610612747,Los Angeles,Lakers,Chicago Stadium,Chicago,home,Playoffs,12,4,8,0.333,1968,1991
1610612747,Los Angeles,Lakers,Chicago Stadium,Chicago,home,Regular Season,52,29,23,0.558,1967,1994
1610612747,Los Angeles,Lakers,Cincinnati Gardens,Cincinnati,home,Regular Season,40,17,23,0.425,1962,1972
1610612747,Los Angeles,Lakers,Cleveland Arena,Cleveland,home,Regular Season,6,4,2,0.667,1971,1973
1610612747,Los Angeles,Lakers,Cobo Arena,Detroit,home,Playoffs,3,2,1,0.667,1962,1962
1610612747,Los Angeles,Lakers,Cobo Arena,Detroit,home,Regular Season,61,32,29,0.525,1962,1978
1610612747,Los Angeles,Lakers,Cow Palace,San Francisco,home,Playoffs,7,5,2,0.714,1967,1969
1610612747,Los Angeles,Lakers,Cow Palace,San Francisco,home,Regular Season,39,20,19,0.513,1963,1971
1610612747,Los Angeles,Lakers,Crypto.com Arena,Los Angeles,home,Playoffs,122,91,31,0.746,2000,2026
1610612747,Los Angeles,Lakers,Crypto.com Arena,Los Angeles,home,Regular Season,1129,714,415,0.632,2000,2026
1610612747,Los Angeles,Lakers,Delta Center,Salt Lake City,home,Playoffs,12,4,8,0.333,1997,2010
1610612747,Los Angeles,Lakers,Delta Center,Salt Lake City,home,Regular Season,65,24,41,0.369,1992,2026
1610612747,Los Angeles,Lakers,FedExForum,Memphis,home,Playoffs,3,1,2,0.333,2023,2023
1610612747,Los Angeles,Lakers,FedExForum,Memphis,home,Regular Season,39,18,21,0.462,2005,2026
1610612747,Los Angeles,Lakers,Fiserv Forum,Milwaukee,home,Regular Season,8,4,4,0.5,2019,2026
1610612747,Los Angeles,Lakers,Frost Bank Center,San Antonio,home,Playoffs,10,2,8,0.2,2003,2013
1610612747,Los Angeles,Lakers,Frost Bank Center,San Antonio,home,Regular Season,44,22,22,0.5,2003,2026
1610612747,Los Angeles,Lakers,Gainbridge Fieldhouse,Indianapolis,home,Playoffs,3,1,2,0.333,2000,2000
1610612747,Los Angeles,Lakers,Gainbridge Fieldhouse,Indianapolis,home,Regular Season,26,11,15,0.423,2000,2026
1610612747,Los Angeles,Lakers,Georgia Dome,Atlanta,home,Regular Season,1,1,0,1.0,1998,1998
1610612747,Los Angeles,Lakers,Golden 1 Center,Sacramento,home,Regular Season,19,10,9,0.526,2017,2026
1610612747,Los Angeles,Lakers,HemisFair Arena,San Antonio,home,Playoffs,7,7,0,1.0,1982,1988
1610612747,Los Angeles,Lakers,HemisFair Arena,San Antonio,home,Regular Season,37,15,22,0.405,1977,1993
1610612747,Los Angeles,Lakers,Hofheinz Pavilion,Houston,home,Regular Season,9,4,5,0.444,1972,1975
1610612747,Los Angeles,Lakers,Hubert H. Humphrey Metrodome,Minneapolis,home,Regular Season,2,2,0,1.0,1990,1990
1610612747,Los Angeles,Lakers,Intuit Dome,Inglewood,home,Regular Season,4,1,3,0.25,2025,2026
1610612747,Los Angeles,Lakers,Izod Center,East Rutherford,home,Playoffs,2,2,0,1.0,2002,2002
1610612747,Los Angeles,Lakers,Izod Center,East Rutherford,home,Regular Season,28,18,10,0.643,1982,2010
1610612747,Los Angeles,Lakers,Kaseya Center,Miami,home,Regular Season,27,9,18,0.333,2000,2026
1610612747,Los Angeles,Lakers,Kemper Arena,Kansas City,home,Playoffs,1,1,0,1.0,1984,1984
1610612747,Los Angeles,Lakers,Kemper Arena,Kansas City,home,Regular Season,20,11,9,0.55,1976,1985
1610612747,Los Angeles,Lakers,KeyArena,Seattle,home,Playoffs,7,6,1,0.857,1987,1998
1610612747,Los Angeles,Lakers,KeyArena,Seattle,home,Regular Season,49,20,29,0.408,1986,2008
1610612747,Los Angeles,Lakers,Kia Center,Orlando,home,Regular Season,16,6,10,0.375,2011,2026
1610612747,Los Angeles,Lakers,Kiel Auditorium,St. Louis,home,Playoffs,9,1,8,0.111,1963,1966
1610612747,Los Angeles,Lakers,Kiel Auditorium,St. Louis,home,Regular Season,34,18,16,0.529,1962,1968
1610612747,Los Angeles,Lakers,Kingdome,Seattle,home,Playoffs,2,2,0,1.0,1980,1980
1610612747,Los Angeles,Lakers,Kingdome,Seattle,home,Regular Season,18,10,8,0.556,1980,1985
1610612747,Los Angeles,Lakers,LA Memorial Sports Arena,Los Angeles,home,Playoffs,28,18,10,0.643,1962,1967
1610612747,Los Angeles,Lakers,LA Memorial Sports Arena,Los Angeles,home,Regular Season,285,206,79,0.723,1962,1999
1610612747,Los Angeles,Lakers,Little Caesars Arena,Detroit,home,Regular Season,8,3,5,0.375,2018,2026
1610612747,Los Angeles,Lakers,Louisiana Superdome,New Orleans,home,Regular Season,7,4,3,0.571,1976,1979
1610612747,Los Angeles,Lakers,MECCA Arena,Milwaukee,home,Playoffs,9,2,7,0.222,1971,1974
1610612747,Los Angeles,Lakers,MECCA Arena,Milwaukee,home,Regular Season,39,16,23,0.41,1969,1988
1610612747,Los Angeles,Lakers,Madison Square Garden,New York,home,Playoffs,8,3,5,0.375,1970,1973
1610612747,Los Angeles,Lakers,Madison Square Garden,New York,home,Regular Season,70,37,33,0.529,1969,2026
1610612747,Los Angeles,Lakers,Madison Square Garden III,New York,home,Regular Season,30,16,14,0.533,1962,1968
1610612747,Los Angeles,Lakers,Market Square Arena,Indianapolis,home,Regular Season,25,17,8,0.68,1977,1998
1610612747,Los Angeles,Lakers,McNichols Sports Arena,Denver,home,Playoffs,5,4,1,0.8,1979,1987
1610612747,Los Angeles,Lakers,McNichols Sports Arena,Denver,home,Regular Season,51,32,19,0.627,1977,1999
1610612747,Los Angeles,Lakers,Memorial Coliseum,Portland,home,Playoffs,12,4,8,0.333,1977,1992
1610612747,Los Angeles,Lakers,Memorial Coliseum,Portland,home,Regular Season,68,32,36,0.471,1971,1995
1610612747,Los Angeles,Lakers,Miami Arena,Miami,home,Regular Season,11,6,5,0.545,1989,1998
1610612747,Los Angeles,Lakers,Moda Center,Portland,home,Playoffs,9,6,3,0.667,1997,2002
1610612747,Los Angeles,Lakers,Moda Center,Portland,home,Regular Season,55,16,39,0.291,1996,2026
1610612747,Los Angeles,Lakers,Mortgage Matchup Center,Phoenix,home,Playoffs,18,6,12,0.333,1993,2021
1610612747,Los Angeles,Lakers,Mortgage Matchup Center,Phoenix,home,Regular Season,68,25,43,0.368,1993,2026
1610612747,Los Angeles,Lakers,Municipal Auditorium,Kansas City,home,Regular Season,13,7,6,0.538,1973,1980
1610612747,Los Angeles,Lakers,Nassau Veterans Memorial Coliseum,Uniondale,home,Regular Season,2,2,0,1.0,1977,1977
1610612747,Los Angeles,Lakers,Onondaga County War Memorial,Syracuse,home,Regular Season,9,3,6,0.333,1962,1963
1610612747,Los Angeles,Lakers,Oracle Arena,Oakland,home,Playoffs,9,4,5,0.444,1973,1991
1610612747,Los Angeles,Lakers,Oracle Arena,Oakland,home,Regular Season,112,56,56,0.5,1972,2019
1610612747,Los Angeles,Lakers,Orlando Bubble,Bay Lake,bubble,Playoffs,21,16,5,0.762,2021,2021
1610612747,Los Angeles,Lakers,Orlando Bubble,Bay Lake,bubble,Regular Season,8,3,5,0.375,2020,2021
1610612747,Los Angeles,Lakers,Paycom Center,Oklahoma City,home,Playoffs,8,1,7,0.125,2010,2026
1610612747,Los Angeles,Lakers,Paycom Center,Oklahoma City,home,Regular Season,34,14,20,0.412,2006,2026
1610612747,Los Angeles,Lakers,Philadelphia Arena,Philadelphia,home,Regular Season,20,5,15,0.25,1962,1967
1610612747,Los Angeles,Lakers,Pontiac Silverdome,Pontiac,home,Playoffs,3,1,2,0.333,1988,1988
1610612747,Los Angeles,Lakers,Pontiac Silverdome,Pontiac,home,Regular Season,11,7,4,0.636,1979,1988
1610612747,Los Angeles,Lakers,Prudential Center,Newark,home,Regular Season,1,1,0,1.0,2011,2011
1610612747,Los Angeles,Lakers,Pyramid Arena,Memphis,home,Regular Season,6,3,3,0.5,2002,2004
1610612747,Los Angeles,Lakers,Reunion Arena,Dallas,home,Playoffs,8,2,6,0.25,1984,1988
1610612747,Los Angeles,Lakers,Reunion Arena,Dallas,home,Regular Season,45,35,10,0.778,1981,2001
1610612747,Los Angeles,Lakers,Richfield Coliseum,Richfield,home,Regular Season,27,12,15,0.444,1974,1994
1610612747,Los Angeles,Lakers,Rocket Arena,Cleveland,home,Regular Season,30,12,18,0.4,1995,2026
1610612747,Los Angeles,Lakers,Rogers Arena,Vancouver,home,Regular Season,11,10,1,0.909,1996,2001
1610612747,Los Angeles,Lakers,Rutgers Athletic Center,Piscataway,home,Regular Season,6,5,1,0.833,1978,1981
1610612747,Los Angeles,Lakers,Salt Palace,Salt Lake City,home,Playoffs,3,1,2,0.333,1988,1988
1610612747,Los Angeles,Lakers,Salt Palace,Salt Lake City,home,Regular Season,29,17,12,0.586,1980,1991
1610612747,Los Angeles,Lakers,San Diego Sports Arena,San Diego,home,Regular Season,31,20,11,0.645,1968,1984
1610612747,Los Angeles,Lakers,San Jose Arena,San Jose,home,Regular Season,2,2,0,1.0,1997,1997
1610612747,Los Angeles,Lakers,Scotiabank Arena,Toronto,home,Regular Season,25,15,10,0.6,2000,2026
1610612747,Los Angeles,Lakers,Seattle Center Coliseum,Seattle,home,Regular Season,26,13,13,0.5,1968,1975
1610612747,Los Angeles,Lakers,SkyDome,Toronto,home,Regular Season,3,2,1,0.667,1996,1998
1610612747,Los Angeles,Lakers,Sleep Train Arena,Sacramento,home,Playoffs,8,4,4,0.5,2000,2002
1610612747,Los Angeles,Lakers,Sleep Train Arena,Sacramento,home,Regular Season,59,33,26,0.559,1989,2016
1610612747,Los Angeles,Lakers,Smoothie King Center,New Orleans,home,Playoffs,3,2,1,0.667,2011,2011
1610612747,Los Angeles,Lakers,Smoothie King Center,New Orleans,home,Regular Season,38,23,15,0.605,2003,2026
1610612747,Los Angeles,Lakers,Spectrum Center,Charlotte,home,Regular Season,19,10,9,0.526,2006,2026
1610612747,Los Angeles,Lakers,State Farm Arena,Atlanta,home,Regular Season,26,12,14,0.462,2000,2026
1610612747,Los Angeles,Lakers,TD Garden,Boston,home,Playoffs,6,1,5,0.167,2008,2010
1610612747,Los Angeles,Lakers,TD Garden,Boston,home,Regular Season,30,16,14,0.533,1996,2026
1610612747,Los Angeles,Lakers,Tacoma Dome,Tacoma,home,Playoffs,2,1,1,0.5,1995,1995
1610612747,Los Angeles,Lakers,Tacoma Dome,Tacoma,home,Regular Season,2,2,0,1.0,1995,1995
1610612747,Los Angeles,Lakers,Target Center,Minneapolis,home,Playoffs,8,3,5,0.375,2003,2025
1610612747,Los Angeles,Lakers,Target Center,Minneapolis,home,Regular Season,65,34,31,0.523,1991,2026
1610612747,Los Angeles,Lakers,The Forum,Inglewood,home,Playoffs,192,141,51,0.734,1968,1999
1610612747,Los Angeles,Lakers,The Forum,Inglewood,home,Regular Season,1303,983,320,0.754,1968,1999
1610612747,Los Angeles,Lakers,The Omni,Atlanta,home,Regular Season,35,19,16,0.543,1972,1997
1610612747,Los Angeles,Lakers,The Palace of Auburn Hills,Auburn Hills,home,Playoffs,5,0,5,0.0,1989,2004
1610612747,Los Angeles,Lakers,The Palace of Auburn Hills,Auburn Hills,home,Regular Season,28,17,11,0.607,1989,2017
1610612747,Los Angeles,Lakers,The Spectrum,Philadelphia,home,Playoffs,8,3,5,0.375,1980,1983
1610612747,Los Angeles,Lakers,The Spectrum,Philadelphia,home,Regular Season,46,21,25,0.457,1968,1996
1610612747,Los Angeles,Lakers,The Summit,Houston,home,Playoffs,10,4,6,0.4,1981,1999
1610612747,Los Angeles,Lakers,The Summit,Houston,home,Regular Season,58,36,22,0.621,1976,2003
1610612747,Los Angeles,Lakers,Toyota Center,Houston,home,Playoffs,8,4,4,0.5,2004,2026
1610612747,Los Angeles,Lakers,Toyota Center,Houston,home,Regular Season,40,19,21,0.475,2004,2026
1610612747,Los Angeles,Lakers,United Center,Chicago,home,Regular Season,30,15,15,0.5,1995,2026
1610612747,Los Angeles,Lakers,Xfinity Mobile Arena,Philadelphia,home,Playoffs,3,3,0,1.0,2001,2001
1610612747,Los Angeles,Lakers,Xfinity Mobile Arena,Philadelphia,home,Regular Season,30,12,18,0.4,1997,2026
1610612753,Orlando,Magic,Alamodome,San Antonio,home,Regular Season,9,1,8,0.111,1994,2002
1610612753,Orlando,Magic,Amalie Arena,Tampa,home,Regular Season,2,0,2,0.0,2021,2021
1610612753,Orlando,Magic,American Airlines Center,Dallas,home,Regular Season,24,4,20,0.167,2002,2026
1610612753,Orlando,Magic,Amway Arena,Orlando,home,Playoffs,57,35,22,0.614,1994,2010
1610612753,Orlando,Magic,Amway Arena,Orlando,home,Regular Season,845,536,309,0.634,1990,2010
1610612753,Orlando,Magic,Arena CDMX,Mexico City,neutral,Regular Season,1,0,1,0.0,2024,2024
1610612753,Orlando,Magic,Arizona Veterans Memorial Coliseum,Phoenix,home,Regular Season,4,1,3,0.25,1990,1992
1610612753,Orlando,Magic,Ball Arena,Denver,home,Regular Season,27,7,20,0.259,2000,2026
1610612753,Orlando,Magic,Barclays Center,Brooklyn,home,Regular Season,23,7,16,0.304,2013,2026
1610612753,Orlando,Magic,Boston Garden,Boston,home,Playoffs,2,2,0,1.0,1995,1995
1610612753,Orlando,Magic,Boston Garden,Boston,home,Regular Season,13,2,11,0.154,1990,1995
1610612753,Orlando,Magic,Bradley Center,Milwaukee,home,Playoffs,2,0,2,0.0,2001,2001
1610612753,Orlando,Magic,Bradley Center,Milwaukee,home,Regular Season,53,15,38,0.283,1990,2018
1610612753,Orlando,Magic,Capital Centre,Landover,home,Regular Season,17,7,10,0.412,1990,1997
1610612753,Orlando,Magic,Capital One Arena,Washington,home,Regular Season,57,28,29,0.491,1998,2026
1610612753,Orlando,Magic,Charlotte Coliseum,Charlotte,home,Playoffs,2,1,1,0.5,2002,2002
1610612753,Orlando,Magic,Charlotte Coliseum,Charlotte,home,Regular Season,24,8,16,0.333,1990,2005
1610612753,Orlando,Magic,Chase Center,San Francisco,home,Regular Season,7,1,6,0.143,2020,2026
1610612753,Orlando,Magic,Chicago Stadium,Chicago,home,Regular Season,10,2,8,0.2,1990,1994
1610612753,Orlando,Magic,Crypto.com Arena,Los Angeles,home,Playoffs,2,0,2,0.0,2009,2009
1610612753,Orlando,Magic,Crypto.com Arena,Los Angeles,home,Regular Season,50,16,34,0.32,2000,2026
1610612753,Orlando,Magic,Delta Center,Salt Lake City,home,Regular Season,34,10,24,0.294,1992,2026
1610612753,Orlando,Magic,FedExForum,Memphis,home,Regular Season,21,3,18,0.143,2005,2025
1610612753,Orlando,Magic,Fiserv Forum,Milwaukee,home,Regular Season,14,3,11,0.214,2019,2026
1610612753,Orlando,Magic,Frost Bank Center,San Antonio,home,Regular Season,24,6,18,0.25,2003,2026
1610612753,Orlando,Magic,Gainbridge Fieldhouse,Indianapolis,home,Playoffs,3,1,2,0.333,2012,2012
1610612753,Orlando,Magic,Gainbridge Fieldhouse,Indianapolis,home,Regular Season,47,19,28,0.404,2000,2026
1610612753,Orlando,Magic,Georgia Dome,Atlanta,home,Regular Season,4,2,2,0.5,1998,1999
1610612753,Orlando,Magic,Golden 1 Center,Sacramento,home,Regular Season,10,4,6,0.4,2017,2026
1610612753,Orlando,Magic,HemisFair Arena,San Antonio,home,Regular Season,5,1,4,0.2,1990,1993
1610612753,Orlando,Magic,Hubert H. Humphrey Metrodome,Minneapolis,home,Regular Season,1,0,1,0.0,1990,1990
1610612753,Orlando,Magic,Intuit Dome,Inglewood,home,Regular Season,2,1,1,0.5,2025,2026
1610612753,Orlando,Magic,Izod Center,East Rutherford,home,Regular Season,41,21,20,0.512,1990,2010
1610612753,Orlando,Magic,Kaseya Center,Miami,home,Regular Season,53,20,33,0.377,2000,2026
1610612753,Orlando,Magic,KeyArena,Seattle,home,Regular Season,18,5,13,0.278,1990,2008
1610612753,Orlando,Magic,Kia Center,Orlando,home,Playoffs,15,8,7,0.533,2011,2026
1610612753,Orlando,Magic,Kia Center,Orlando,home,Regular Season,626,306,320,0.489,2011,2026
1610612753,Orlando,Magic,LA Memorial Sports Arena,Los Angeles,home,Regular Season,10,5,5,0.5,1990,1998
1610612753,Orlando,Magic,Little Caesars Arena,Detroit,home,Playoffs,4,1,3,0.25,2026,2026
1610612753,Orlando,Magic,Little Caesars Arena,Detroit,home,Regular Season,14,4,10,0.286,2018,2026
1610612753,Orlando,Magic,Madison Square Garden,New York,home,Regular Season,69,32,37,0.464,1990,2026
1610612753,Orlando,Magic,Market Square Arena,Indianapolis,home,Playoffs,4,0,4,0.0,1994,1995
1610612753,Orlando,Magic,Market Square Arena,Indianapolis,home,Regular Season,19,6,13,0.316,1990,1999
1610612753,Orlando,Magic,McNichols Sports Arena,Denver,home,Regular Season,10,4,6,0.4,1990,1998
1610612753,Orlando,Magic,Memorial Coliseum,Portland,home,Regular Season,7,3,4,0.429,1990,1995
1610612753,Orlando,Magic,Miami Arena,Miami,home,Playoffs,3,0,3,0.0,1997,1997
1610612753,Orlando,Magic,Miami Arena,Miami,home,Regular Season,19,7,12,0.368,1990,1999
1610612753,Orlando,Magic,Moda Center,Portland,home,Regular Season,30,12,18,0.4,1996,2026
1610612753,Orlando,Magic,Mortgage Matchup Center,Phoenix,home,Regular Season,32,11,21,0.344,1993,2026
1610612753,Orlando,Magic,Oracle Arena,Oakland,home,Regular Season,30,13,17,0.433,1990,2019
1610612753,Orlando,Magic,Orlando Bubble,Bay Lake,bubble,Playoffs,5,1,4,0.2,2021,2021
1610612753,Orlando,Magic,Orlando Bubble,Bay Lake,bubble,Regular Season,8,3,5,0.375,2020,2021
1610612753,Orlando,Magic,Paycom Center,Oklahoma City,home,Regular Season,20,4,16,0.2,2006,2026
1610612753,Orlando,Magic,Prudential Center,Newark,home,Regular Season,3,3,0,1.0,2011,2012
1610612753,Orlando,Magic,Pyramid Arena,Memphis,home,Regular Season,3,1,2,0.333,2002,2004
1610612753,Orlando,Magic,Reunion Arena,Dallas,home,Regular Season,14,6,8,0.429,1990,2001
1610612753,Orlando,Magic,Richfield Coliseum,Richfield,home,Regular Season,9,2,7,0.222,1990,1994
1610612753,Orlando,Magic,Rocket Arena,Cleveland,home,Playoffs,7,1,6,0.143,2009,2024
1610612753,Orlando,Magic,Rocket Arena,Cleveland,home,Regular Season,57,22,35,0.386,1995,2026
1610612753,Orlando,Magic,Rogers Arena,Vancouver,home,Regular Season,5,4,1,0.8,1996,2001
1610612753,Orlando,Magic,Salt Palace,Salt Lake City,home,Regular Season,3,1,2,0.333,1990,1991
1610612753,Orlando,Magic,San Jose Arena,San Jose,home,Regular Season,1,0,1,0.0,1997,1997
1610612753,Orlando,Magic,Scotiabank Arena,Toronto,home,Playoffs,5,2,3,0.4,2008,2019
1610612753,Orlando,Magic,Scotiabank Arena,Toronto,home,Regular Season,46,15,31,0.326,2000,2026
1610612753,Orlando,Magic,SkyDome,Toronto,home,Regular Season,8,6,2,0.75,1996,1999
1610612753,Orlando,Magic,Sleep Train Arena,Sacramento,home,Regular Season,27,10,17,0.37,1990,2016
1610612753,Orlando,Magic,Smoothie King Center,New Orleans,home,Regular Season,24,14,10,0.583,2003,2026
1610612753,Orlando,Magic,Spectrum Center,Charlotte,home,Playoffs,2,2,0,1.0,2010,2010
1610612753,Orlando,Magic,Spectrum Center,Charlotte,home,Regular Season,41,23,18,0.561,2006,2026
1610612753,Orlando,Magic,State Farm Arena,Atlanta,home,Playoffs,5,2,3,0.4,2010,2011
1610612753,Orlando,Magic,State Farm Arena,Atlanta,home,Regular Season,52,18,34,0.346,2000,2026
1610612753,Orlando,Magic,T-Mobile Arena,Las Vegas,neutral,Regular Season,1,0,1,0.0,2026,2026
1610612753,Orlando,Magic,TD Garden,Boston,home,Playoffs,10,3,7,0.3,2009,2025
1610612753,Orlando,Magic,TD Garden,Boston,home,Regular Season,56,16,40,0.286,1996,2026
1610612753,Orlando,Magic,Tacoma Dome,Tacoma,home,Regular Season,1,0,1,0.0,1995,1995
1610612753,Orlando,Magic,Target Center,Minneapolis,home,Regular Season,35,20,15,0.571,1991,2026
1610612753,Orlando,Magic,The Forum,Inglewood,home,Regular Season,10,2,8,0.2,1990,1998
1610612753,Orlando,Magic,The O2 Arena,London,neutral,Regular Season,2,0,2,0.0,2016,2026
1610612753,Orlando,Magic,The Omni,Atlanta,home,Playoffs,2,1,1,0.5,1996,1996
1610612753,Orlando,Magic,The Omni,Atlanta,home,Regular Season,15,3,12,0.2,1990,1997
1610612753,Orlando,Magic,The Palace of Auburn Hills,Auburn Hills,home,Playoffs,10,2,8,0.2,1996,2008
1610612753,Orlando,Magic,The Palace of Auburn Hills,Auburn Hills,home,Regular Season,52,15,37,0.288,1990,2017
1610612753,Orlando,Magic,The Spectrum,Philadelphia,home,Regular Season,14,7,7,0.5,1990,1996
1610612753,Orlando,Magic,The Summit,Houston,home,Playoffs,2,0,2,0.0,1995,1995
1610612753,Orlando,Magic,The Summit,Houston,home,Regular Season,15,6,9,0.4,1990,2003
1610612753,Orlando,Magic,Toyota Center,Houston,home,Regular Season,22,6,16,0.273,2004,2026
1610612753,Orlando,Magic,Uber Arena,Berlin,neutral,Regular Season,1,1,0,1.0,2026,2026
1610612753,Orlando,Magic,United Center,Chicago,home,Playoffs,5,2,3,0.4,1995,1996
1610612753,Orlando,Magic,United Center,Chicago,home,Regular Season,55,25,30,0.455,1995,2026
1610612753,Orlando,Magic,Xfinity Mobile Arena,Philadelphia,home,Playoffs,5,2,3,0.4,1999,2009
1610612753,Orlando,Magic,Xfinity Mobile Arena,Philadelphia,home,Regular Season,55,30,25,0.545,1997,2026
1610612742,Dallas,Mavericks,ARCO Arena I,Sacramento,home,Regular Season,9,5,4,0.556,1986,1988
1610612742,Dallas,Mavericks,Alamodome,San Antonio,home,Playoffs,3,0,3,0.0,2001,2001
1610612742,Dallas,Mavericks,Alamodome,San Antonio,home,Regular Season,19,6,13,0.316,1994,2002
1610612742,Dallas,Mavericks,Amalie Arena,Tampa,home,Regular Season,1,0,1,0.0,2021,2021
1610612742,Dallas,Mavericks,American Airlines Center,Dallas,home,Playoffs,88,52,36,0.591,2002,2024
1610612742,Dallas,Mavericks,American Airlines Center,Dallas,home,Regular Season,1002,657,345,0.656,2002,2026
1610612742,Dallas,Mavericks,Amway Arena,Orlando,home,Regular Season,21,7,14,0.333,1990,2010
1610612742,Dallas,Mavericks,Arena CDMX,Mexico City,neutral,Regular Season,1,0,1,0.0,2026,2026
1610612742,Dallas,Mavericks,Arizona Veterans Memorial Coliseum,Phoenix,home,Regular Season,28,8,20,0.286,1981,1992
1610612742,Dallas,Mavericks,Ball Arena,Denver,home,Playoffs,3,0,3,0.0,2009,2009
1610612742,Dallas,Mavericks,Ball Arena,Denver,home,Regular Season,49,22,27,0.449,2000,2026
1610612742,Dallas,Mavericks,Barclays Center,Brooklyn,home,Regular Season,13,10,3,0.769,2013,2026
1610612742,Dallas,Mavericks,Boston Garden,Boston,home,Regular Season,15,0,15,0.0,1981,1995
1610612742,Dallas,Mavericks,Bradley Center,Milwaukee,home,Regular Season,28,8,20,0.286,1989,2018
1610612742,Dallas,Mavericks,Capital Centre,Landover,home,Regular Season,17,5,12,0.294,1981,1997
1610612742,Dallas,Mavericks,Capital One Arena,Washington,home,Regular Season,27,20,7,0.741,1998,2026
1610612742,Dallas,Mavericks,Charlotte Coliseum,Charlotte,home,Regular Season,15,8,7,0.533,1989,2005
1610612742,Dallas,Mavericks,Chase Center,San Francisco,home,Playoffs,3,0,3,0.0,2022,2022
1610612742,Dallas,Mavericks,Chase Center,San Francisco,home,Regular Season,12,6,6,0.5,2020,2026
1610612742,Dallas,Mavericks,Chicago Stadium,Chicago,home,Regular Season,14,3,11,0.214,1981,1994
1610612742,Dallas,Mavericks,Crypto.com Arena,Los Angeles,home,Playoffs,9,7,2,0.778,2011,2024
1610612742,Dallas,Mavericks,Crypto.com Arena,Los Angeles,home,Regular Season,91,39,52,0.429,2000,2026
1610612742,Dallas,Mavericks,Delta Center,Salt Lake City,home,Playoffs,6,3,3,0.5,2001,2022
1610612742,Dallas,Mavericks,Delta Center,Salt Lake City,home,Regular Season,69,18,51,0.261,1992,2026
1610612742,Dallas,Mavericks,FedExForum,Memphis,home,Playoffs,2,2,0,1.0,2006,2006
1610612742,Dallas,Mavericks,FedExForum,Memphis,home,Regular Season,43,23,20,0.535,2005,2026
1610612742,Dallas,Mavericks,Fiserv Forum,Milwaukee,home,Regular Season,8,2,6,0.25,2019,2026
1610612742,Dallas,Mavericks,Frost Bank Center,San Antonio,home,Playoffs,17,7,10,0.412,2003,2014
1610612742,Dallas,Mavericks,Frost Bank Center,San Antonio,home,Regular Season,47,18,29,0.383,2003,2026
1610612742,Dallas,Mavericks,Gainbridge Fieldhouse,Indianapolis,home,Regular Season,26,11,15,0.423,2000,2026
1610612742,Dallas,Mavericks,Georgia Dome,Atlanta,home,Regular Season,1,0,1,0.0,1998,1998
1610612742,Dallas,Mavericks,Golden 1 Center,Sacramento,home,Regular Season,15,8,7,0.533,2017,2026
1610612742,Dallas,Mavericks,HemisFair Arena,San Antonio,home,Regular Season,37,12,25,0.324,1981,1993
1610612742,Dallas,Mavericks,Hubert H. Humphrey Metrodome,Minneapolis,home,Regular Season,2,2,0,1.0,1990,1990
1610612742,Dallas,Mavericks,Intuit Dome,Inglewood,home,Regular Season,4,1,3,0.25,2025,2026
1610612742,Dallas,Mavericks,Izod Center,East Rutherford,home,Regular Season,29,14,15,0.483,1982,2010
1610612742,Dallas,Mavericks,Kaseya Center,Miami,home,Playoffs,6,2,4,0.333,2006,2011
1610612742,Dallas,Mavericks,Kaseya Center,Miami,home,Regular Season,27,14,13,0.519,2000,2026
1610612742,Dallas,Mavericks,Kemper Arena,Kansas City,home,Regular Season,15,5,10,0.333,1981,1985
1610612742,Dallas,Mavericks,KeyArena,Seattle,home,Playoffs,2,0,2,0.0,1987,1987
1610612742,Dallas,Mavericks,KeyArena,Seattle,home,Regular Season,46,22,24,0.478,1986,2008
1610612742,Dallas,Mavericks,Kia Center,Orlando,home,Regular Season,16,9,7,0.562,2011,2026
1610612742,Dallas,Mavericks,Kingdome,Seattle,home,Playoffs,2,1,1,0.5,1984,1984
1610612742,Dallas,Mavericks,Kingdome,Seattle,home,Regular Season,12,3,9,0.25,1981,1985
1610612742,Dallas,Mavericks,LA Memorial Sports Arena,Los Angeles,home,Regular Season,31,13,18,0.419,1985,1999
1610612742,Dallas,Mavericks,Little Caesars Arena,Detroit,home,Regular Season,7,3,4,0.429,2018,2025
1610612742,Dallas,Mavericks,MECCA Arena,Milwaukee,home,Regular Season,8,2,6,0.25,1981,1988
1610612742,Dallas,Mavericks,Madison Square Garden,New York,home,Regular Season,45,22,23,0.489,1981,2026
1610612742,Dallas,Mavericks,Market Square Arena,Indianapolis,home,Regular Season,18,10,8,0.556,1981,1998
1610612742,Dallas,Mavericks,McNichols Sports Arena,Denver,home,Playoffs,3,2,1,0.667,1988,1988
1610612742,Dallas,Mavericks,McNichols Sports Arena,Denver,home,Regular Season,50,16,34,0.32,1981,1999
1610612742,Dallas,Mavericks,Memorial Coliseum,Portland,home,Playoffs,4,0,4,0.0,1985,1990
1610612742,Dallas,Mavericks,Memorial Coliseum,Portland,home,Regular Season,34,7,27,0.206,1981,1995
1610612742,Dallas,Mavericks,Miami Arena,Miami,home,Regular Season,13,4,9,0.308,1989,1999
1610612742,Dallas,Mavericks,Moda Center,Portland,home,Playoffs,6,2,4,0.333,2003,2011
1610612742,Dallas,Mavericks,Moda Center,Portland,home,Regular Season,56,25,31,0.446,1996,2026
1610612742,Dallas,Mavericks,Mortgage Matchup Center,Phoenix,home,Playoffs,10,4,6,0.4,2005,2022
1610612742,Dallas,Mavericks,Mortgage Matchup Center,Phoenix,home,Regular Season,60,21,39,0.35,1993,2026
1610612742,Dallas,Mavericks,Oracle Arena,Oakland,home,Playoffs,3,0,3,0.0,2007,2007
1610612742,Dallas,Mavericks,Oracle Arena,Oakland,home,Regular Season,78,34,44,0.436,1981,2019
1610612742,Dallas,Mavericks,Orlando Bubble,Bay Lake,bubble,Playoffs,6,2,4,0.333,2021,2021
1610612742,Dallas,Mavericks,Orlando Bubble,Bay Lake,bubble,Regular Season,8,3,5,0.375,2020,2021
1610612742,Dallas,Mavericks,Paycom Center,Oklahoma City,home,Playoffs,10,5,5,0.5,2011,2024
1610612742,Dallas,Mavericks,Paycom Center,Oklahoma City,home,Regular Season,36,16,20,0.444,2006,2026
1610612742,Dallas,Mavericks,Pontiac Silverdome,Pontiac,home,Regular Season,8,2,6,0.25,1981,1988
1610612742,Dallas,Mavericks,Prudential Center,Newark,home,Regular Season,1,1,0,1.0,2011,2011
1610612742,Dallas,Mavericks,Pyramid Arena,Memphis,home,Regular Season,6,4,2,0.667,2002,2004
1610612742,Dallas,Mavericks,Reunion Arena,Dallas,home,Playoffs,27,18,9,0.667,1984,2001
1610612742,Dallas,Mavericks,Reunion Arena,Dallas,home,Regular Season,845,428,417,0.507,1981,2001
1610612742,Dallas,Mavericks,Richfield Coliseum,Richfield,home,Regular Season,14,4,10,0.286,1981,1994
1610612742,Dallas,Mavericks,Rocket Arena,Cleveland,home,Regular Season,31,15,16,0.484,1995,2026
1610612742,Dallas,Mavericks,Rogers Arena,Vancouver,home,Regular Season,11,10,1,0.909,1996,2001
1610612742,Dallas,Mavericks,Rutgers Athletic Center,Piscataway,home,Regular Season,1,1,0,1.0,1981,1981
1610612742,Dallas,Mavericks,Salt Palace,Salt Lake City,home,Playoffs,2,1,1,0.5,1986,1986
1610612742,Dallas,Mavericks,Salt Palace,Salt Lake City,home,Regular Season,31,7,24,0.226,1981,1991
1610612742,Dallas,Mavericks,San Diego Sports Arena,San Diego,home,Regular Season,10,6,4,0.6,1981,1984
1610612742,Dallas,Mavericks,San Jose Arena,San Jose,home,Regular Season,2,0,2,0.0,1997,1997
1610612742,Dallas,Mavericks,Scotiabank Arena,Toronto,home,Regular Season,25,12,13,0.48,2000,2026
1610612742,Dallas,Mavericks,SkyDome,Toronto,home,Regular Season,3,0,3,0.0,1996,1998
1610612742,Dallas,Mavericks,Sleep Train Arena,Sacramento,home,Playoffs,9,2,7,0.222,2002,2004
1610612742,Dallas,Mavericks,Sleep Train Arena,Sacramento,home,Regular Season,54,24,30,0.444,1989,2016
1610612742,Dallas,Mavericks,Smoothie King Center,New Orleans,home,Playoffs,3,0,3,0.0,2008,2008
1610612742,Dallas,Mavericks,Smoothie King Center,New Orleans,home,Regular Season,41,19,22,0.463,2003,2026
1610612742,Dallas,Mavericks,Spectrum Center,Charlotte,home,Regular Season,20,13,7,0.65,2006,2026
1610612742,Dallas,Mavericks,State Farm Arena,Atlanta,home,Regular Season,27,12,15,0.444,2000,2026
1610612742,Dallas,Mavericks,TD Garden,Boston,home,Playoffs,3,0,3,0.0,2024,2024
1610612742,Dallas,Mavericks,TD Garden,Boston,home,Regular Season,30,17,13,0.567,1996,2026
1610612742,Dallas,Mavericks,Tacoma Dome,Tacoma,home,Regular Season,2,0,2,0.0,1995,1995
1610612742,Dallas,Mavericks,Target Center,Minneapolis,home,Playoffs,4,4,0,1.0,2002,2024
1610612742,Dallas,Mavericks,Target Center,Minneapolis,home,Regular Season,69,35,34,0.507,1991,2026
1610612742,Dallas,Mavericks,The Forum,Inglewood,home,Playoffs,10,0,10,0.0,1984,1988
1610612742,Dallas,Mavericks,The Forum,Inglewood,home,Regular Season,42,7,35,0.167,1981,1999
1610612742,Dallas,Mavericks,The Omni,Atlanta,home,Regular Season,17,5,12,0.294,1981,1997
1610612742,Dallas,Mavericks,The Palace of Auburn Hills,Auburn Hills,home,Regular Season,29,14,15,0.483,1989,2017
1610612742,Dallas,Mavericks,The Spectrum,Philadelphia,home,Regular Season,16,6,10,0.375,1981,1996
1610612742,Dallas,Mavericks,The Summit,Houston,home,Playoffs,2,2,0,1.0,1988,1988
1610612742,Dallas,Mavericks,The Summit,Houston,home,Regular Season,58,20,38,0.345,1981,2003
1610612742,Dallas,Mavericks,Toyota Center,Houston,home,Playoffs,6,2,4,0.333,2005,2015
1610612742,Dallas,Mavericks,Toyota Center,Houston,home,Regular Season,45,23,22,0.511,2004,2026
1610612742,Dallas,Mavericks,United Center,Chicago,home,Regular Season,31,17,14,0.548,1995,2026
1610612742,Dallas,Mavericks,Xfinity Mobile Arena,Philadelphia,home,Regular Season,29,14,15,0.483,1997,2026
1610612751,Brooklyn,Nets,ARCO Arena I,Sacramento,home,Regular Season,3,1,2,0.333,1986,1988
1610612751,Brooklyn,Nets,Alamodome,San Antonio,home,Regular Season,8,3,5,0.375,1994,2002
1610612751,Brooklyn,Nets,Amalie Arena,Tampa,home,Regular Season,2,1,1,0.5,2021,2021
1610612751,Brooklyn,Nets,American Airlines Center,Dallas,home,Regular Season,26,7,19,0.269,2002,2026
1610612751,Brooklyn,Nets,Amway Arena,Orlando,home,Regular Season,40,15,25,0.375,1990,2010
1610612751,Brooklyn,Nets,Arizona Veterans Memorial Coliseum,Phoenix,home,Regular Season,18,8,10,0.444,1977,1992
1610612751,Brooklyn,Nets,Ball Arena,Denver,home,Regular Season,27,11,16,0.407,2000,2026
1610612751,Brooklyn,Nets,Barclays Center,Brooklyn,home,Playoffs,25,13,12,0.52,2013,2023
1610612751,Brooklyn,Nets,Barclays Center,Brooklyn,home,Regular Season,556,268,288,0.482,2013,2026
1610612751,Brooklyn,Nets,Boston Garden,Boston,home,Regular Season,51,11,40,0.216,1977,1995
1610612751,Brooklyn,Nets,Bradley Center,Milwaukee,home,Playoffs,3,2,1,0.667,2003,2003
1610612751,Brooklyn,Nets,Bradley Center,Milwaukee,home,Regular Season,56,22,34,0.393,1989,2018
1610612751,Brooklyn,Nets,Buffalo Memorial Auditorium,Buffalo,home,Regular Season,4,1,3,0.25,1977,1978
1610612751,Brooklyn,Nets,Capital Centre,Landover,home,Playoffs,1,0,1,0.0,1982,1982
1610612751,Brooklyn,Nets,Capital Centre,Landover,home,Regular Season,54,19,35,0.352,1977,1997
1610612751,Brooklyn,Nets,Capital One Arena,Washington,home,Regular Season,53,21,32,0.396,1998,2026
1610612751,Brooklyn,Nets,Charlotte Coliseum,Charlotte,home,Playoffs,2,1,1,0.5,2002,2002
1610612751,Brooklyn,Nets,Charlotte Coliseum,Charlotte,home,Regular Season,28,10,18,0.357,1989,2005
1610612751,Brooklyn,Nets,Chase Center,San Francisco,home,Regular Season,6,3,3,0.5,2021,2026
1610612751,Brooklyn,Nets,Chicago Stadium,Chicago,home,Regular Season,41,9,32,0.22,1977,1994
1610612751,Brooklyn,Nets,Cobo Arena,Detroit,home,Regular Season,4,1,3,0.25,1977,1978
1610612751,Brooklyn,Nets,Crypto.com Arena,Los Angeles,home,Playoffs,2,0,2,0.0,2002,2002
1610612751,Brooklyn,Nets,Crypto.com Arena,Los Angeles,home,Regular Season,51,18,33,0.353,2000,2026
1610612751,Brooklyn,Nets,Delta Center,Salt Lake City,home,Regular Season,34,9,25,0.265,1992,2026
1610612751,Brooklyn,Nets,FedExForum,Memphis,home,Regular Season,22,9,13,0.409,2005,2026
1610612751,Brooklyn,Nets,Fiserv Forum,Milwaukee,home,Playoffs,3,0,3,0.0,2021,2021
1610612751,Brooklyn,Nets,Fiserv Forum,Milwaukee,home,Regular Season,13,4,9,0.308,2019,2026
1610612751,Brooklyn,Nets,Frost Bank Center,San Antonio,home,Playoffs,3,1,2,0.333,2003,2003
1610612751,Brooklyn,Nets,Frost Bank Center,San Antonio,home,Regular Season,22,2,20,0.091,2003,2026
1610612751,Brooklyn,Nets,Gainbridge Fieldhouse,Indianapolis,home,Playoffs,5,3,2,0.6,2002,2006
1610612751,Brooklyn,Nets,Gainbridge Fieldhouse,Indianapolis,home,Regular Season,47,17,30,0.362,2000,2026
1610612751,Brooklyn,Nets,Georgia Dome,Atlanta,home,Regular Season,2,0,2,0.0,1998,1999
1610612751,Brooklyn,Nets,Golden 1 Center,Sacramento,home,Regular Season,9,4,5,0.444,2017,2026
1610612751,Brooklyn,Nets,HemisFair Arena,San Antonio,home,Regular Season,22,1,21,0.045,1977,1993
1610612751,Brooklyn,Nets,Hubert H. Humphrey Metrodome,Minneapolis,home,Regular Season,1,0,1,0.0,1990,1990
1610612751,Brooklyn,Nets,Intuit Dome,Inglewood,home,Regular Season,2,0,2,0.0,2025,2026
1610612751,Brooklyn,Nets,Izod Center,East Rutherford,home,Playoffs,55,28,27,0.509,1982,2007
1610612751,Brooklyn,Nets,Izod Center,East Rutherford,home,Regular Season,1173,655,518,0.558,1982,2010
1610612751,Brooklyn,Nets,Kaseya Center,Miami,home,Playoffs,8,1,7,0.125,2005,2014
1610612751,Brooklyn,Nets,Kaseya Center,Miami,home,Regular Season,48,18,30,0.375,2000,2026
1610612751,Brooklyn,Nets,Kemper Arena,Kansas City,home,Regular Season,11,1,10,0.091,1977,1985
1610612751,Brooklyn,Nets,KeyArena,Seattle,home,Regular Season,22,4,18,0.182,1986,2008
1610612751,Brooklyn,Nets,Kia Center,Orlando,home,Regular Season,28,7,21,0.25,2011,2026
1610612751,Brooklyn,Nets,Kingdome,Seattle,home,Regular Season,6,3,3,0.5,1980,1985
1610612751,Brooklyn,Nets,LA Memorial Sports Arena,Los Angeles,home,Regular Season,15,6,9,0.4,1985,1999
1610612751,Brooklyn,Nets,Little Caesars Arena,Detroit,home,Regular Season,16,9,7,0.562,2018,2026
1610612751,Brooklyn,Nets,Louisiana Superdome,New Orleans,home,Regular Season,6,1,5,0.167,1977,1979
1610612751,Brooklyn,Nets,MECCA Arena,Milwaukee,home,Playoffs,5,1,4,0.2,1984,1986
1610612751,Brooklyn,Nets,MECCA Arena,Milwaukee,home,Regular Season,29,5,24,0.172,1977,1988
1610612751,Brooklyn,Nets,Madison Square Garden,New York,home,Playoffs,5,2,3,0.4,1983,2004
1610612751,Brooklyn,Nets,Madison Square Garden,New York,home,Regular Season,112,44,68,0.393,1977,2026
1610612751,Brooklyn,Nets,Market Square Arena,Indianapolis,home,Regular Season,54,15,39,0.278,1977,1999
1610612751,Brooklyn,Nets,McNichols Sports Arena,Denver,home,Regular Season,26,3,23,0.115,1977,1999
1610612751,Brooklyn,Nets,Memorial Coliseum,Portland,home,Regular Season,21,3,18,0.143,1977,1995
1610612751,Brooklyn,Nets,Miami Arena,Miami,home,Regular Season,24,8,16,0.333,1989,1999
1610612751,Brooklyn,Nets,Moda Center,Portland,home,Regular Season,30,8,22,0.267,1996,2026
1610612751,Brooklyn,Nets,Moody Center,Austin,home,Regular Season,1,0,1,0.0,2024,2024
1610612751,Brooklyn,Nets,Mortgage Matchup Center,Phoenix,home,Regular Season,33,12,21,0.364,1993,2026
1610612751,Brooklyn,Nets,Municipal Auditorium,Kansas City,home,Regular Season,1,0,1,0.0,1980,1980
1610612751,Brooklyn,Nets,Nassau Veterans Memorial Coliseum,Uniondale,home,Regular Season,41,10,31,0.244,1977,1977
1610612751,Brooklyn,Nets,Oracle Arena,Oakland,home,Regular Season,44,15,29,0.341,1977,2019
1610612751,Brooklyn,Nets,Orlando Bubble,Bay Lake,bubble,Playoffs,4,0,4,0.0,2021,2021
1610612751,Brooklyn,Nets,Orlando Bubble,Bay Lake,bubble,Regular Season,8,5,3,0.625,2020,2021
1610612751,Brooklyn,Nets,Paycom Center,Oklahoma City,home,Regular Season,18,7,11,0.389,2006,2026
1610612751,Brooklyn,Nets,Pontiac Silverdome,Pontiac,home,Playoffs,2,0,2,0.0,1985,1985
1610612751,Brooklyn,Nets,Pontiac Silverdome,Pontiac,home,Regular Season,28,13,15,0.464,1979,1988
1610612751,Brooklyn,Nets,Prudential Center,Newark,home,Regular Season,72,26,46,0.361,2011,2012
1610612751,Brooklyn,Nets,Pyramid Arena,Memphis,home,Regular Season,3,1,2,0.333,2002,2004
1610612751,Brooklyn,Nets,Reunion Arena,Dallas,home,Regular Season,20,9,11,0.45,1981,2001
1610612751,Brooklyn,Nets,Richfield Coliseum,Richfield,home,Playoffs,5,1,4,0.2,1992,1993
1610612751,Brooklyn,Nets,Richfield Coliseum,Richfield,home,Regular Season,44,12,32,0.273,1977,1994
1610612751,Brooklyn,Nets,Rocket Arena,Cleveland,home,Playoffs,3,1,2,0.333,2007,2007
1610612751,Brooklyn,Nets,Rocket Arena,Cleveland,home,Regular Season,57,18,39,0.316,1995,2026
1610612751,Brooklyn,Nets,Rogers Arena,Vancouver,home,Regular Season,5,3,2,0.6,1996,2001
1610612751,Brooklyn,Nets,Rutgers Athletic Center,Piscataway,home,Playoffs,1,0,1,0.0,1979,1979
1610612751,Brooklyn,Nets,Rutgers Athletic Center,Piscataway,home,Regular Season,164,81,83,0.494,1978,1981
1610612751,Brooklyn,Nets,Salt Palace,Salt Lake City,home,Regular Season,12,2,10,0.167,1980,1991
1610612751,Brooklyn,Nets,San Diego Sports Arena,San Diego,home,Regular Season,7,3,4,0.429,1979,1984
1610612751,Brooklyn,Nets,San Jose Arena,San Jose,home,Regular Season,1,0,1,0.0,1997,1997
1610612751,Brooklyn,Nets,Scotiabank Arena,Toronto,home,Playoffs,7,3,4,0.429,2007,2014
1610612751,Brooklyn,Nets,Scotiabank Arena,Toronto,home,Regular Season,52,18,34,0.346,2000,2026
1610612751,Brooklyn,Nets,SkyDome,Toronto,home,Regular Season,6,2,4,0.333,1996,1999
1610612751,Brooklyn,Nets,Sleep Train Arena,Sacramento,home,Regular Season,27,8,19,0.296,1989,2016
1610612751,Brooklyn,Nets,Smoothie King Center,New Orleans,home,Regular Season,22,10,12,0.455,2003,2026
1610612751,Brooklyn,Nets,Spectrum Center,Charlotte,home,Regular Season,37,22,15,0.595,2006,2026
1610612751,Brooklyn,Nets,State Farm Arena,Atlanta,home,Playoffs,3,0,3,0.0,2015,2015
1610612751,Brooklyn,Nets,State Farm Arena,Atlanta,home,Regular Season,48,20,28,0.417,2000,2026
1610612751,Brooklyn,Nets,TD Garden,Boston,home,Playoffs,9,5,4,0.556,2002,2022
1610612751,Brooklyn,Nets,TD Garden,Boston,home,Regular Season,60,24,36,0.4,1996,2026
1610612751,Brooklyn,Nets,Tacoma Dome,Tacoma,home,Regular Season,1,0,1,0.0,1995,1995
1610612751,Brooklyn,Nets,Target Center,Minneapolis,home,Regular Season,34,9,25,0.265,1991,2026
1610612751,Brooklyn,Nets,The Forum,Inglewood,home,Regular Season,25,4,21,0.16,1977,1998
1610612751,Brooklyn,Nets,The O2 Arena,London,neutral,Regular Season,3,3,0,1.0,2011,2014
1610612751,Brooklyn,Nets,The Omni,Atlanta,home,Regular Season,49,10,39,0.204,1977,1997
1610612751,Brooklyn,Nets,The Palace of Auburn Hills,Auburn Hills,home,Playoffs,6,3,3,0.5,2003,2004
1610612751,Brooklyn,Nets,The Palace of Auburn Hills,Auburn Hills,home,Regular Season,52,8,44,0.154,1989,2017
1610612751,Brooklyn,Nets,The Spectrum,Philadelphia,home,Playoffs,4,3,1,0.75,1979,1984
1610612751,Brooklyn,Nets,The Spectrum,Philadelphia,home,Regular Season,53,16,37,0.302,1977,1996
1610612751,Brooklyn,Nets,The Summit,Houston,home,Regular Season,31,8,23,0.258,1977,2003
1610612751,Brooklyn,Nets,Toyota Center,Houston,home,Regular Season,22,7,15,0.318,2004,2026
1610612751,Brooklyn,Nets,United Center,Chicago,home,Playoffs,5,1,4,0.2,1998,2013
1610612751,Brooklyn,Nets,United Center,Chicago,home,Regular Season,56,19,37,0.339,1995,2026
1610612751,Brooklyn,Nets,Xfinity Mobile Arena,Philadelphia,home,Playoffs,5,1,4,0.2,2019,2023
1610612751,Brooklyn,Nets,Xfinity Mobile Arena,Philadelphia,home,Regular Season,59,24,35,0.407,1997,2026
1610612743,Denver,Nuggets,ARCO Arena I,Sacramento,home,Regular Season,9,2,7,0.222,1986,1988
1610612743,Denver,Nuggets,Alamodome,San Antonio,home,Playoffs,2,0,2,0.0,1995,1995
1610612743,Denver,Nuggets,Alamodome,San Antonio,home,Regular Season,19,3,16,0.158,1994,2002
1610612743,Denver,Nuggets,Amalie Arena,Tampa,home,Regular Season,1,0,1,0.0,2021,2021
1610612743,Denver,Nuggets,American Airlines Center,Dallas,home,Playoffs,2,1,1,0.5,2009,2009
1610612743,Denver,Nuggets,American Airlines Center,Dallas,home,Regular Season,44,17,27,0.386,2002,2026
1610612743,Denver,Nuggets,Amway Arena,Orlando,home,Regular Season,22,3,19,0.136,1990,2010
1610612743,Denver,Nuggets,Arizona Veterans Memorial Coliseum,Phoenix,home,Playoffs,5,1,4,0.2,1982,1989
1610612743,Denver,Nuggets,Arizona Veterans Memorial Coliseum,Phoenix,home,Regular Season,37,11,26,0.297,1977,1992
1610612743,Denver,Nuggets,Ball Arena,Denver,home,Playoffs,73,45,28,0.616,2004,2026
1610612743,Denver,Nuggets,Ball Arena,Denver,home,Regular Season,1083,724,359,0.669,2000,2026
1610612743,Denver,Nuggets,Barclays Center,Brooklyn,home,Regular Season,14,6,8,0.429,2013,2026
1610612743,Denver,Nuggets,Boston Garden,Boston,home,Regular Season,22,4,18,0.182,1977,1995
1610612743,Denver,Nuggets,Bradley Center,Milwaukee,home,Regular Season,29,14,15,0.483,1989,2018
1610612743,Denver,Nuggets,Buffalo Memorial Auditorium,Buffalo,home,Regular Season,4,1,3,0.25,1977,1978
1610612743,Denver,Nuggets,Capital Centre,Landover,home,Regular Season,24,11,13,0.458,1977,1997
1610612743,Denver,Nuggets,Capital One Arena,Washington,home,Regular Season,28,18,10,0.643,1998,2026
1610612743,Denver,Nuggets,Charlotte Coliseum,Charlotte,home,Regular Season,15,4,11,0.267,1989,2005
1610612743,Denver,Nuggets,Chase Center,San Francisco,home,Playoffs,3,0,3,0.0,2022,2022
1610612743,Denver,Nuggets,Chase Center,San Francisco,home,Regular Season,12,7,5,0.583,2020,2026
1610612743,Denver,Nuggets,Chicago Stadium,Chicago,home,Regular Season,23,7,16,0.304,1977,1994
1610612743,Denver,Nuggets,Cobo Arena,Detroit,home,Regular Season,4,1,3,0.25,1977,1978
1610612743,Denver,Nuggets,Crypto.com Arena,Los Angeles,home,Playoffs,16,5,11,0.312,2006,2024
1610612743,Denver,Nuggets,Crypto.com Arena,Los Angeles,home,Regular Season,95,35,60,0.368,2000,2026
1610612743,Denver,Nuggets,Delta Center,Salt Lake City,home,Playoffs,7,1,6,0.143,1994,2010
1610612743,Denver,Nuggets,Delta Center,Salt Lake City,home,Regular Season,70,16,54,0.229,1992,2026
1610612743,Denver,Nuggets,FedExForum,Memphis,home,Regular Season,39,18,21,0.462,2005,2026
1610612743,Denver,Nuggets,Fiserv Forum,Milwaukee,home,Regular Season,8,4,4,0.5,2019,2026
1610612743,Denver,Nuggets,Frost Bank Center,San Antonio,home,Playoffs,9,3,6,0.333,2005,2019
1610612743,Denver,Nuggets,Frost Bank Center,San Antonio,home,Regular Season,41,12,29,0.293,2003,2026
1610612743,Denver,Nuggets,Gainbridge Fieldhouse,Indianapolis,home,Regular Season,27,16,11,0.593,2000,2026
1610612743,Denver,Nuggets,Georgia Dome,Atlanta,home,Regular Season,1,0,1,0.0,1998,1998
1610612743,Denver,Nuggets,Golden 1 Center,Sacramento,home,Regular Season,19,11,8,0.579,2017,2026
1610612743,Denver,Nuggets,HemisFair Arena,San Antonio,home,Playoffs,7,1,6,0.143,1983,1990
1610612743,Denver,Nuggets,HemisFair Arena,San Antonio,home,Regular Season,43,9,34,0.209,1977,1993
1610612743,Denver,Nuggets,Hubert H. Humphrey Metrodome,Minneapolis,home,Regular Season,3,3,0,1.0,1990,1990
1610612743,Denver,Nuggets,Intuit Dome,Inglewood,home,Playoffs,3,1,2,0.333,2025,2025
1610612743,Denver,Nuggets,Intuit Dome,Inglewood,home,Regular Season,3,1,2,0.333,2025,2026
1610612743,Denver,Nuggets,Izod Center,East Rutherford,home,Regular Season,28,9,19,0.321,1982,2010
1610612743,Denver,Nuggets,Kaseya Center,Miami,home,Playoffs,2,2,0,1.0,2023,2023
1610612743,Denver,Nuggets,Kaseya Center,Miami,home,Regular Season,25,13,12,0.52,2000,2026
1610612743,Denver,Nuggets,Kemper Arena,Kansas City,home,Regular Season,21,8,13,0.381,1977,1985
1610612743,Denver,Nuggets,KeyArena,Seattle,home,Playoffs,5,2,3,0.4,1988,1994
1610612743,Denver,Nuggets,KeyArena,Seattle,home,Regular Season,45,10,35,0.222,1986,2008
1610612743,Denver,Nuggets,Kia Center,Orlando,home,Regular Season,16,9,7,0.562,2011,2026
1610612743,Denver,Nuggets,Kingdome,Seattle,home,Regular Season,16,5,11,0.312,1980,1985
1610612743,Denver,Nuggets,LA Memorial Sports Arena,Los Angeles,home,Regular Season,31,11,20,0.355,1985,1999
1610612743,Denver,Nuggets,Little Caesars Arena,Detroit,home,Regular Season,9,6,3,0.667,2018,2026
1610612743,Denver,Nuggets,Louisiana Superdome,New Orleans,home,Regular Season,6,3,3,0.5,1977,1979
1610612743,Denver,Nuggets,MECCA Arena,Milwaukee,home,Playoffs,3,1,2,0.333,1978,1978
1610612743,Denver,Nuggets,MECCA Arena,Milwaukee,home,Regular Season,17,6,11,0.353,1977,1988
1610612743,Denver,Nuggets,Madison Square Garden,New York,home,Regular Season,52,19,33,0.365,1977,2026
1610612743,Denver,Nuggets,Market Square Arena,Indianapolis,home,Regular Season,26,7,19,0.269,1977,1999
1610612743,Denver,Nuggets,McNichols Sports Arena,Denver,home,Playoffs,47,27,20,0.574,1977,1995
1610612743,Denver,Nuggets,McNichols Sports Arena,Denver,home,Regular Season,927,594,333,0.641,1977,1999
1610612743,Denver,Nuggets,Memorial Coliseum,Portland,home,Playoffs,5,2,3,0.4,1977,1986
1610612743,Denver,Nuggets,Memorial Coliseum,Portland,home,Regular Season,43,9,34,0.209,1977,1995
1610612743,Denver,Nuggets,Miami Arena,Miami,home,Regular Season,13,4,9,0.308,1989,1999
1610612743,Denver,Nuggets,Moda Center,Portland,home,Playoffs,6,3,3,0.5,2019,2021
1610612743,Denver,Nuggets,Moda Center,Portland,home,Regular Season,61,20,41,0.328,1996,2026
1610612743,Denver,Nuggets,Moody Center,Austin,home,Regular Season,1,1,0,1.0,2024,2024
1610612743,Denver,Nuggets,Mortgage Matchup Center,Phoenix,home,Playoffs,5,1,4,0.2,2021,2023
1610612743,Denver,Nuggets,Mortgage Matchup Center,Phoenix,home,Regular Season,62,23,39,0.371,1993,2026
1610612743,Denver,Nuggets,Municipal Auditorium,Kansas City,home,Regular Season,3,0,3,0.0,1980,1980
1610612743,Denver,Nuggets,Nassau Veterans Memorial Coliseum,Uniondale,home,Regular Season,2,1,1,0.5,1977,1977
1610612743,Denver,Nuggets,Oracle Arena,Oakland,home,Playoffs,3,0,3,0.0,2013,2013
1610612743,Denver,Nuggets,Oracle Arena,Oakland,home,Regular Season,86,30,56,0.349,1977,2019
1610612743,Denver,Nuggets,Orlando Bubble,Bay Lake,bubble,Playoffs,19,9,10,0.474,2021,2021
1610612743,Denver,Nuggets,Orlando Bubble,Bay Lake,bubble,Regular Season,8,3,5,0.375,2021,2021
1610612743,Denver,Nuggets,Paycom Center,Oklahoma City,home,Playoffs,7,1,6,0.143,2011,2025
1610612743,Denver,Nuggets,Paycom Center,Oklahoma City,home,Regular Season,38,18,20,0.474,2006,2026
1610612743,Denver,Nuggets,Pontiac Silverdome,Pontiac,home,Regular Season,11,6,5,0.545,1979,1988
1610612743,Denver,Nuggets,Prudential Center,Newark,home,Regular Season,1,0,1,0.0,2011,2011
1610612743,Denver,Nuggets,Pyramid Arena,Memphis,home,Regular Season,6,1,5,0.167,2002,2004
1610612743,Denver,Nuggets,Reunion Arena,Dallas,home,Playoffs,3,1,2,0.333,1988,1988
1610612743,Denver,Nuggets,Reunion Arena,Dallas,home,Regular Season,53,18,35,0.34,1981,2001
1610612743,Denver,Nuggets,Richfield Coliseum,Richfield,home,Regular Season,20,6,14,0.3,1977,1994
1610612743,Denver,Nuggets,Rocket Arena,Cleveland,home,Regular Season,30,13,17,0.433,1995,2026
1610612743,Denver,Nuggets,Rogers Arena,Vancouver,home,Regular Season,12,6,6,0.5,1996,2001
1610612743,Denver,Nuggets,Rutgers Athletic Center,Piscataway,home,Regular Season,6,3,3,0.5,1978,1981
1610612743,Denver,Nuggets,Salt Palace,Salt Lake City,home,Playoffs,5,2,3,0.4,1984,1985
1610612743,Denver,Nuggets,Salt Palace,Salt Lake City,home,Regular Season,34,7,27,0.206,1980,1991
1610612743,Denver,Nuggets,San Diego Sports Arena,San Diego,home,Regular Season,15,6,9,0.4,1979,1984
1610612743,Denver,Nuggets,San Jose Arena,San Jose,home,Regular Season,2,0,2,0.0,1997,1997
1610612743,Denver,Nuggets,Scotiabank Arena,Toronto,home,Regular Season,25,14,11,0.56,2000,2026
1610612743,Denver,Nuggets,SkyDome,Toronto,home,Regular Season,3,2,1,0.667,1996,1998
1610612743,Denver,Nuggets,Sleep Train Arena,Sacramento,home,Regular Season,53,16,37,0.302,1989,2016
1610612743,Denver,Nuggets,Smoothie King Center,New Orleans,home,Playoffs,2,1,1,0.5,2009,2009
1610612743,Denver,Nuggets,Smoothie King Center,New Orleans,home,Regular Season,36,20,16,0.556,2003,2026
1610612743,Denver,Nuggets,Spectrum Center,Charlotte,home,Regular Season,21,13,8,0.619,2006,2026
1610612743,Denver,Nuggets,State Farm Arena,Atlanta,home,Regular Season,26,9,17,0.346,2000,2026
1610612743,Denver,Nuggets,TD Garden,Boston,home,Regular Season,30,7,23,0.233,1996,2026
1610612743,Denver,Nuggets,Tacoma Dome,Tacoma,home,Regular Season,2,0,2,0.0,1995,1995
1610612743,Denver,Nuggets,Target Center,Minneapolis,home,Playoffs,11,3,8,0.273,2004,2026
1610612743,Denver,Nuggets,Target Center,Minneapolis,home,Regular Season,74,40,34,0.541,1991,2026
1610612743,Denver,Nuggets,The Forum,Inglewood,home,Playoffs,6,1,5,0.167,1979,1987
1610612743,Denver,Nuggets,The Forum,Inglewood,home,Regular Season,50,15,35,0.3,1977,1999
1610612743,Denver,Nuggets,The O2 Arena,London,neutral,Regular Season,1,1,0,1.0,2017,2017
1610612743,Denver,Nuggets,The Omni,Atlanta,home,Regular Season,24,5,19,0.208,1977,1997
1610612743,Denver,Nuggets,The Palace of Auburn Hills,Auburn Hills,home,Regular Season,27,5,22,0.185,1989,2017
1610612743,Denver,Nuggets,The Spectrum,Philadelphia,home,Regular Season,23,4,19,0.174,1977,1996
1610612743,Denver,Nuggets,The Summit,Houston,home,Playoffs,3,0,3,0.0,1986,1986
1610612743,Denver,Nuggets,The Summit,Houston,home,Regular Season,64,23,41,0.359,1977,2003
1610612743,Denver,Nuggets,Toyota Center,Houston,home,Regular Season,40,16,24,0.4,2004,2026
1610612743,Denver,Nuggets,United Center,Chicago,home,Regular Season,30,14,16,0.467,1995,2026
1610612743,Denver,Nuggets,Xfinity Mobile Arena,Philadelphia,home,Regular Season,29,15,14,0.517,1997,2026
1610612754,Indiana,Pacers,ARCO Arena I,Sacramento,home,Regular Season,3,1,2,0.333,1986,1988
1610612754,Indiana,Pacers,Alamodome,San Antonio,home,Regular Season,8,4,4,0.5,1994,2002
1610612754,Indiana,Pacers,Amalie Arena,Tampa,home,Regular Season,1,1,0,1.0,2021,2021
1610612754,Indiana,Pacers,American Airlines Center,Dallas,home,Regular Season,25,10,15,0.4,2002,2026
1610612754,Indiana,Pacers,Amway Arena,Orlando,home,Playoffs,6,2,4,0.333,1994,1995
1610612754,Indiana,Pacers,Amway Arena,Orlando,home,Regular Season,39,15,24,0.385,1990,2010
1610612754,Indiana,Pacers,Arizona Veterans Memorial Coliseum,Phoenix,home,Regular Season,19,6,13,0.316,1977,1992
1610612754,Indiana,Pacers,Ball Arena,Denver,home,Regular Season,25,6,19,0.24,2000,2026
1610612754,Indiana,Pacers,Barclays Center,Brooklyn,home,Regular Season,24,14,10,0.583,2013,2026
1610612754,Indiana,Pacers,Boston Garden,Boston,home,Playoffs,5,1,4,0.2,1991,1992
1610612754,Indiana,Pacers,Boston Garden,Boston,home,Regular Season,45,8,37,0.178,1977,1995
1610612754,Indiana,Pacers,Bradley Center,Milwaukee,home,Playoffs,3,2,1,0.667,1999,2000
1610612754,Indiana,Pacers,Bradley Center,Milwaukee,home,Regular Season,62,27,35,0.435,1989,2018
1610612754,Indiana,Pacers,Buffalo Memorial Auditorium,Buffalo,home,Regular Season,4,2,2,0.5,1977,1978
1610612754,Indiana,Pacers,Capital Centre,Landover,home,Regular Season,50,15,35,0.3,1977,1997
1610612754,Indiana,Pacers,Capital One Arena,Washington,home,Playoffs,3,3,0,1.0,2014,2014
1610612754,Indiana,Pacers,Capital One Arena,Washington,home,Regular Season,51,24,27,0.471,1998,2026
1610612754,Indiana,Pacers,Charlotte Coliseum,Charlotte,home,Regular Season,29,12,17,0.414,1989,2005
1610612754,Indiana,Pacers,Chase Center,San Francisco,home,Regular Season,7,6,1,0.857,2020,2026
1610612754,Indiana,Pacers,Chicago Stadium,Chicago,home,Regular Season,44,10,34,0.227,1977,1994
1610612754,Indiana,Pacers,Cobo Arena,Detroit,home,Regular Season,4,1,3,0.25,1977,1978
1610612754,Indiana,Pacers,Crypto.com Arena,Los Angeles,home,Playoffs,3,0,3,0.0,2000,2000
1610612754,Indiana,Pacers,Crypto.com Arena,Los Angeles,home,Regular Season,49,19,30,0.388,2000,2026
1610612754,Indiana,Pacers,Delta Center,Salt Lake City,home,Regular Season,33,11,22,0.333,1992,2026
1610612754,Indiana,Pacers,FedExForum,Memphis,home,Regular Season,22,7,15,0.318,2005,2026
1610612754,Indiana,Pacers,Fiserv Forum,Milwaukee,home,Playoffs,5,2,3,0.4,2024,2025
1610612754,Indiana,Pacers,Fiserv Forum,Milwaukee,home,Regular Season,16,2,14,0.125,2019,2026
1610612754,Indiana,Pacers,Frost Bank Center,San Antonio,home,Regular Season,23,6,17,0.261,2003,2026
1610612754,Indiana,Pacers,Gainbridge Fieldhouse,Indianapolis,home,Playoffs,92,56,36,0.609,2000,2025
1610612754,Indiana,Pacers,Gainbridge Fieldhouse,Indianapolis,home,Regular Season,1081,675,406,0.624,2000,2026
1610612754,Indiana,Pacers,Georgia Dome,Atlanta,home,Regular Season,4,3,1,0.75,1998,1999
1610612754,Indiana,Pacers,Golden 1 Center,Sacramento,home,Regular Season,9,5,4,0.556,2017,2026
1610612754,Indiana,Pacers,HemisFair Arena,San Antonio,home,Regular Season,22,10,12,0.455,1977,1993
1610612754,Indiana,Pacers,Hubert H. Humphrey Metrodome,Minneapolis,home,Regular Season,1,0,1,0.0,1990,1990
1610612754,Indiana,Pacers,Intuit Dome,Inglewood,home,Regular Season,2,1,1,0.5,2025,2026
1610612754,Indiana,Pacers,Izod Center,East Rutherford,home,Playoffs,6,2,4,0.333,2002,2006
1610612754,Indiana,Pacers,Izod Center,East Rutherford,home,Regular Season,62,25,37,0.403,1982,2010
1610612754,Indiana,Pacers,Kaseya Center,Miami,home,Playoffs,13,3,10,0.231,2004,2014
1610612754,Indiana,Pacers,Kaseya Center,Miami,home,Regular Season,48,18,30,0.375,2000,2026
1610612754,Indiana,Pacers,Kemper Arena,Kansas City,home,Regular Season,11,3,8,0.273,1977,1985
1610612754,Indiana,Pacers,KeyArena,Seattle,home,Regular Season,21,8,13,0.381,1986,2008
1610612754,Indiana,Pacers,Kia Center,Orlando,home,Playoffs,2,2,0,1.0,2012,2012
1610612754,Indiana,Pacers,Kia Center,Orlando,home,Regular Season,27,17,10,0.63,2011,2026
1610612754,Indiana,Pacers,Kingdome,Seattle,home,Regular Season,6,1,5,0.167,1980,1985
1610612754,Indiana,Pacers,LA Memorial Sports Arena,Los Angeles,home,Regular Season,14,8,6,0.571,1985,1998
1610612754,Indiana,Pacers,Little Caesars Arena,Detroit,home,Regular Season,17,7,10,0.412,2018,2026
1610612754,Indiana,Pacers,Louisiana Superdome,New Orleans,home,Regular Season,6,3,3,0.5,1977,1979
1610612754,Indiana,Pacers,MECCA Arena,Milwaukee,home,Regular Season,31,5,26,0.161,1977,1988
1610612754,Indiana,Pacers,Madison Square Garden,New York,home,Playoffs,28,10,18,0.357,1993,2025
1610612754,Indiana,Pacers,Madison Square Garden,New York,home,Regular Season,100,33,67,0.33,1977,2026
1610612754,Indiana,Pacers,Market Square Arena,Indianapolis,home,Playoffs,42,30,12,0.714,1981,1999
1610612754,Indiana,Pacers,Market Square Arena,Indianapolis,home,Regular Season,927,566,361,0.611,1977,1999
1610612754,Indiana,Pacers,McNichols Sports Arena,Denver,home,Regular Season,25,11,14,0.44,1977,1998
1610612754,Indiana,Pacers,Memorial Coliseum,Portland,home,Regular Season,22,4,18,0.182,1977,1995
1610612754,Indiana,Pacers,Miami Arena,Miami,home,Regular Season,20,7,13,0.35,1989,1999
1610612754,Indiana,Pacers,Moda Center,Portland,home,Regular Season,30,7,23,0.233,1996,2026
1610612754,Indiana,Pacers,Mortgage Matchup Center,Phoenix,home,Regular Season,32,13,19,0.406,1993,2026
1610612754,Indiana,Pacers,Municipal Auditorium,Kansas City,home,Regular Season,1,0,1,0.0,1980,1980
1610612754,Indiana,Pacers,Nassau Veterans Memorial Coliseum,Uniondale,home,Regular Season,2,2,0,1.0,1977,1977
1610612754,Indiana,Pacers,Oracle Arena,Oakland,home,Regular Season,44,17,27,0.386,1977,2019
1610612754,Indiana,Pacers,Orlando Bubble,Bay Lake,bubble,Playoffs,4,0,4,0.0,2021,2021
1610612754,Indiana,Pacers,Orlando Bubble,Bay Lake,bubble,Regular Season,8,6,2,0.75,2021,2021
1610612754,Indiana,Pacers,Paycom Center,Oklahoma City,home,Playoffs,4,1,3,0.25,2025,2025
1610612754,Indiana,Pacers,Paycom Center,Oklahoma City,home,Regular Season,19,10,9,0.526,2006,2026
1610612754,Indiana,Pacers,Pontiac Silverdome,Pontiac,home,Regular Season,29,8,21,0.276,1979,1988
1610612754,Indiana,Pacers,Prudential Center,Newark,home,Regular Season,4,3,1,0.75,2011,2012
1610612754,Indiana,Pacers,Pyramid Arena,Memphis,home,Regular Season,3,0,3,0.0,2002,2004
1610612754,Indiana,Pacers,Reunion Arena,Dallas,home,Regular Season,20,7,13,0.35,1981,2001
1610612754,Indiana,Pacers,Richfield Coliseum,Richfield,home,Regular Season,47,14,33,0.298,1977,1994
1610612754,Indiana,Pacers,Rocket Arena,Cleveland,home,Playoffs,11,5,6,0.455,1998,2025
1610612754,Indiana,Pacers,Rocket Arena,Cleveland,home,Regular Season,65,30,35,0.462,1995,2026
1610612754,Indiana,Pacers,Rogers Arena,Vancouver,home,Regular Season,6,6,0,1.0,1996,2001
1610612754,Indiana,Pacers,Rutgers Athletic Center,Piscataway,home,Regular Season,9,4,5,0.444,1978,1981
1610612754,Indiana,Pacers,Salt Palace,Salt Lake City,home,Regular Season,12,4,8,0.333,1980,1991
1610612754,Indiana,Pacers,San Diego Sports Arena,San Diego,home,Regular Season,7,1,6,0.143,1979,1984
1610612754,Indiana,Pacers,San Jose Arena,San Jose,home,Regular Season,1,1,0,1.0,1997,1997
1610612754,Indiana,Pacers,Scotiabank Arena,Toronto,home,Playoffs,4,1,3,0.25,2016,2016
1610612754,Indiana,Pacers,Scotiabank Arena,Toronto,home,Regular Season,48,14,34,0.292,2000,2026
1610612754,Indiana,Pacers,SkyDome,Toronto,home,Regular Season,8,7,1,0.875,1996,1999
1610612754,Indiana,Pacers,Sleep Train Arena,Sacramento,home,Regular Season,27,13,14,0.481,1989,2016
1610612754,Indiana,Pacers,Smoothie King Center,New Orleans,home,Regular Season,24,11,13,0.458,2003,2026
1610612754,Indiana,Pacers,Spectrum Center,Charlotte,home,Regular Season,37,15,22,0.405,2006,2026
1610612754,Indiana,Pacers,State Farm Arena,Atlanta,home,Playoffs,6,3,3,0.5,2013,2014
1610612754,Indiana,Pacers,State Farm Arena,Atlanta,home,Regular Season,48,16,32,0.333,2000,2026
1610612754,Indiana,Pacers,TD Garden,Boston,home,Playoffs,13,5,8,0.385,2003,2024
1610612754,Indiana,Pacers,TD Garden,Boston,home,Regular Season,55,21,34,0.382,1996,2026
1610612754,Indiana,Pacers,Tacoma Dome,Tacoma,home,Regular Season,1,0,1,0.0,1995,1995
1610612754,Indiana,Pacers,Target Center,Minneapolis,home,Regular Season,35,18,17,0.514,1991,2026
1610612754,Indiana,Pacers,The Forum,Inglewood,home,Regular Season,26,4,22,0.154,1977,1999
1610612754,Indiana,Pacers,The O2 Arena,London,neutral,Regular Season,1,0,1,0.0,2017,2017
1610612754,Indiana,Pacers,The Omni,Atlanta,home,Playoffs,8,3,5,0.375,1987,1996
1610612754,Indiana,Pacers,The Omni,Atlanta,home,Regular Season,54,14,40,0.259,1977,1997
1610612754,Indiana,Pacers,The Palace of Auburn Hills,Auburn Hills,home,Playoffs,8,2,6,0.25,1990,2005
1610612754,Indiana,Pacers,The Palace of Auburn Hills,Auburn Hills,home,Regular Season,60,27,33,0.45,1989,2017
1610612754,Indiana,Pacers,The Spectrum,Philadelphia,home,Playoffs,1,0,1,0.0,1981,1981
1610612754,Indiana,Pacers,The Spectrum,Philadelphia,home,Regular Season,48,11,37,0.229,1977,1996
1610612754,Indiana,Pacers,The Summit,Houston,home,Regular Season,31,7,24,0.226,1977,2003
1610612754,Indiana,Pacers,Toyota Center,Houston,home,Regular Season,23,11,12,0.478,2004,2026
1610612754,Indiana,Pacers,United Center,Chicago,home,Playoffs,7,0,7,0.0,1998,2011
1610612754,Indiana,Pacers,United Center,Chicago,home,Regular Season,62,26,36,0.419,1995,2026
1610612754,Indiana,Pacers,Xfinity Mobile Arena,Philadelphia,home,Playoffs,7,5,2,0.714,1999,2001
1610612754,Indiana,Pacers,Xfinity Mobile Arena,Philadelphia,home,Regular Season,52,27,25,0.519,1997,2026
1610612740,New Orleans,Pelicans,Amalie Arena,Tampa,home,Regular Season,1,1,0,1.0,2021,2021
1610612740,New Orleans,Pelicans,American Airlines Center,Dallas,home,Playoffs,2,1,1,0.5,2008,2008
1610612740,New Orleans,Pelicans,American Airlines Center,Dallas,home,Regular Season,45,9,36,0.2,2003,2026
1610612740,New Orleans,Pelicans,Amway Arena,Orlando,home,Regular Season,10,4,6,0.4,2003,2010
1610612740,New Orleans,Pelicans,Ball Arena,Denver,home,Playoffs,3,0,3,0.0,2009,2009
1610612740,New Orleans,Pelicans,Ball Arena,Denver,home,Regular Season,41,15,26,0.366,2003,2026
1610612740,New Orleans,Pelicans,Barclays Center,Brooklyn,home,Regular Season,14,6,8,0.429,2013,2026
1610612740,New Orleans,Pelicans,Bradley Center,Milwaukee,home,Regular Season,18,11,7,0.611,2003,2018
1610612740,New Orleans,Pelicans,Capital One Arena,Washington,home,Regular Season,23,8,15,0.348,2003,2026
1610612740,New Orleans,Pelicans,Charlotte Coliseum,Charlotte,home,Regular Season,1,0,1,0.0,2005,2005
1610612740,New Orleans,Pelicans,Chase Center,San Francisco,home,Regular Season,11,3,8,0.273,2020,2026
1610612740,New Orleans,Pelicans,Crypto.com Arena,Los Angeles,home,Playoffs,3,1,2,0.333,2011,2011
1610612740,New Orleans,Pelicans,Crypto.com Arena,Los Angeles,home,Regular Season,75,27,48,0.36,2003,2026
1610612740,New Orleans,Pelicans,Delta Center,Salt Lake City,home,Regular Season,40,13,27,0.325,2003,2026
1610612740,New Orleans,Pelicans,FedExForum,Memphis,home,Regular Season,43,18,25,0.419,2005,2026
1610612740,New Orleans,Pelicans,Fiserv Forum,Milwaukee,home,Regular Season,8,0,8,0.0,2019,2026
1610612740,New Orleans,Pelicans,Frost Bank Center,San Antonio,home,Playoffs,3,0,3,0.0,2008,2008
1610612740,New Orleans,Pelicans,Frost Bank Center,San Antonio,home,Regular Season,43,11,32,0.256,2003,2026
1610612740,New Orleans,Pelicans,Gainbridge Fieldhouse,Indianapolis,home,Regular Season,27,9,18,0.333,2003,2026
1610612740,New Orleans,Pelicans,Golden 1 Center,Sacramento,home,Regular Season,16,9,7,0.562,2017,2026
1610612740,New Orleans,Pelicans,Intuit Dome,Inglewood,home,Regular Season,3,0,3,0.0,2025,2026
1610612740,New Orleans,Pelicans,Izod Center,East Rutherford,home,Regular Season,10,5,5,0.5,2003,2010
1610612740,New Orleans,Pelicans,Kaseya Center,Miami,home,Playoffs,4,0,4,0.0,2004,2004
1610612740,New Orleans,Pelicans,Kaseya Center,Miami,home,Regular Season,26,7,19,0.269,2003,2026
1610612740,New Orleans,Pelicans,KeyArena,Seattle,home,Regular Season,9,3,6,0.333,2003,2008
1610612740,New Orleans,Pelicans,Kia Center,Orlando,home,Regular Season,14,5,9,0.357,2011,2026
1610612740,New Orleans,Pelicans,Little Caesars Arena,Detroit,home,Regular Season,9,6,3,0.667,2018,2026
1610612740,New Orleans,Pelicans,Madison Square Garden,New York,home,Regular Season,25,12,13,0.48,2003,2026
1610612740,New Orleans,Pelicans,Moda Center,Portland,home,Playoffs,2,2,0,1.0,2018,2018
1610612740,New Orleans,Pelicans,Moda Center,Portland,home,Regular Season,41,16,25,0.39,2003,2026
1610612740,New Orleans,Pelicans,Mortgage Matchup Center,Phoenix,home,Playoffs,3,1,2,0.333,2022,2022
1610612740,New Orleans,Pelicans,Mortgage Matchup Center,Phoenix,home,Regular Season,41,19,22,0.463,2003,2026
1610612740,New Orleans,Pelicans,Oracle Arena,Oakland,home,Playoffs,5,0,5,0.0,2015,2018
1610612740,New Orleans,Pelicans,Oracle Arena,Oakland,home,Regular Season,30,9,21,0.3,2003,2019
1610612740,New Orleans,Pelicans,Orlando Bubble,Bay Lake,bubble,Regular Season,8,2,6,0.25,2020,2021
1610612740,New Orleans,Pelicans,Paycom Center,Oklahoma City,home,Playoffs,2,0,2,0.0,2024,2024
1610612740,New Orleans,Pelicans,Paycom Center,Oklahoma City,home,Regular Season,109,57,52,0.523,2006,2026
1610612740,New Orleans,Pelicans,Prudential Center,Newark,home,Regular Season,2,1,1,0.5,2011,2012
1610612740,New Orleans,Pelicans,Pyramid Arena,Memphis,home,Regular Season,2,0,2,0.0,2003,2004
1610612740,New Orleans,Pelicans,Rocket Arena,Cleveland,home,Regular Season,26,9,17,0.346,2003,2026
1610612740,New Orleans,Pelicans,Scotiabank Arena,Toronto,home,Regular Season,24,9,15,0.375,2003,2026
1610612740,New Orleans,Pelicans,Sleep Train Arena,Sacramento,home,Regular Season,23,9,14,0.391,2003,2016
1610612740,New Orleans,Pelicans,Smoothie King Center,New Orleans,home,Playoffs,29,16,13,0.552,2003,2024
1610612740,New Orleans,Pelicans,Smoothie King Center,New Orleans,home,Regular Season,882,467,415,0.529,2003,2026
1610612740,New Orleans,Pelicans,Spectrum Center,Charlotte,home,Regular Season,21,13,8,0.619,2006,2026
1610612740,New Orleans,Pelicans,State Farm Arena,Atlanta,home,Regular Season,24,9,15,0.375,2003,2026
1610612740,New Orleans,Pelicans,TD Garden,Boston,home,Regular Season,25,8,17,0.32,2003,2026
1610612740,New Orleans,Pelicans,Target Center,Minneapolis,home,Regular Season,42,20,22,0.476,2003,2026
1610612740,New Orleans,Pelicans,The Palace of Auburn Hills,Auburn Hills,home,Regular Season,17,8,9,0.471,2003,2017
1610612740,New Orleans,Pelicans,The Summit,Houston,home,Regular Season,1,0,1,0.0,2003,2003
1610612740,New Orleans,Pelicans,Toyota Center,Houston,home,Regular Season,43,15,28,0.349,2004,2026
1610612740,New Orleans,Pelicans,United Center,Chicago,home,Regular Season,27,12,15,0.444,2003,2026
1610612740,New Orleans,Pelicans,Xfinity Mobile Arena,Philadelphia,home,Playoffs,3,1,2,0.333,2003,2003
1610612740,New Orleans,Pelicans,Xfinity Mobile Arena,Philadelphia,home,Regular Season,25,9,16,0.36,2003,2026
1610612765,Detroit,Pistons,ARCO Arena I,Sacramento,home,Regular Season,3,1,2,0.333,1986,1988
1610612765,Detroit,Pistons,Alamodome,San Antonio,home,Regular Season,9,2,7,0.222,1994,2002
1610612765,Detroit,Pistons,Alexander Memorial Coliseum,Atlanta,home,Regular Season,9,5,4,0.556,1969,1971
1610612765,Detroit,Pistons,Amalie Arena,Tampa,home,Regular Season,1,1,0,1.0,2021,2021
1610612765,Detroit,Pistons,American Airlines Center,Dallas,home,Regular Season,23,6,17,0.261,2002,2026
1610612765,Detroit,Pistons,Amway Arena,Orlando,home,Playoffs,9,4,5,0.444,1996,2008
1610612765,Detroit,Pistons,Amway Arena,Orlando,home,Regular Season,39,17,22,0.436,1990,2010
1610612765,Detroit,Pistons,Arena CDMX,Mexico City,neutral,Regular Season,1,1,0,1.0,2026,2026
1610612765,Detroit,Pistons,Arizona Veterans Memorial Coliseum,Phoenix,home,Regular Season,41,16,25,0.39,1969,1992
1610612765,Detroit,Pistons,Ball Arena,Denver,home,Regular Season,27,9,18,0.333,2000,2026
1610612765,Detroit,Pistons,Baltimore Civic Center,Baltimore,home,Regular Season,38,10,28,0.263,1964,1973
1610612765,Detroit,Pistons,Barclays Center,Brooklyn,home,Regular Season,24,9,15,0.375,2013,2026
1610612765,Detroit,Pistons,Boston Garden,Boston,home,Playoffs,17,6,11,0.353,1968,1991
1610612765,Detroit,Pistons,Boston Garden,Boston,home,Regular Season,97,19,78,0.196,1962,1995
1610612765,Detroit,Pistons,Bradley Center,Milwaukee,home,Playoffs,6,5,1,0.833,1989,2006
1610612765,Detroit,Pistons,Bradley Center,Milwaukee,home,Regular Season,63,25,38,0.397,1989,2018
1610612765,Detroit,Pistons,Buffalo Memorial Auditorium,Buffalo,home,Regular Season,18,10,8,0.556,1971,1978
1610612765,Detroit,Pistons,Capital Centre,Landover,home,Playoffs,3,1,2,0.333,1987,1988
1610612765,Detroit,Pistons,Capital Centre,Landover,home,Regular Season,55,21,34,0.382,1974,1997
1610612765,Detroit,Pistons,Capital One Arena,Washington,home,Regular Season,50,23,27,0.46,1998,2026
1610612765,Detroit,Pistons,Charlotte Coliseum,Charlotte,home,Regular Season,31,13,18,0.419,1989,2005
1610612765,Detroit,Pistons,Chase Center,San Francisco,home,Regular Season,7,3,4,0.429,2020,2026
1610612765,Detroit,Pistons,Chicago Stadium,Chicago,home,Playoffs,14,5,9,0.357,1974,1991
1610612765,Detroit,Pistons,Chicago Stadium,Chicago,home,Regular Season,81,29,52,0.358,1967,1994
1610612765,Detroit,Pistons,Cincinnati Gardens,Cincinnati,home,Playoffs,2,1,1,0.5,1962,1962
1610612765,Detroit,Pistons,Cincinnati Gardens,Cincinnati,home,Regular Season,50,13,37,0.26,1962,1972
1610612765,Detroit,Pistons,Cleveland Arena,Cleveland,home,Regular Season,6,4,2,0.667,1971,1973
1610612765,Detroit,Pistons,Cobo Arena,Detroit,home,Playoffs,19,10,9,0.526,1962,1977
1610612765,Detroit,Pistons,Cobo Arena,Detroit,home,Regular Season,676,395,281,0.584,1962,1978
1610612765,Detroit,Pistons,Cow Palace,San Francisco,home,Regular Season,41,11,30,0.268,1963,1971
1610612765,Detroit,Pistons,Crypto.com Arena,Los Angeles,home,Playoffs,2,1,1,0.5,2004,2004
1610612765,Detroit,Pistons,Crypto.com Arena,Los Angeles,home,Regular Season,51,16,35,0.314,2000,2026
1610612765,Detroit,Pistons,Delta Center,Salt Lake City,home,Regular Season,34,6,28,0.176,1992,2026
1610612765,Detroit,Pistons,FedExForum,Memphis,home,Regular Season,22,8,14,0.364,2005,2026
1610612765,Detroit,Pistons,Fiserv Forum,Milwaukee,home,Playoffs,2,0,2,0.0,2019,2019
1610612765,Detroit,Pistons,Fiserv Forum,Milwaukee,home,Regular Season,15,2,13,0.133,2019,2026
1610612765,Detroit,Pistons,Frost Bank Center,San Antonio,home,Playoffs,4,1,3,0.25,2005,2005
1610612765,Detroit,Pistons,Frost Bank Center,San Antonio,home,Regular Season,22,4,18,0.182,2003,2026
1610612765,Detroit,Pistons,Gainbridge Fieldhouse,Indianapolis,home,Playoffs,6,4,2,0.667,2004,2005
1610612765,Detroit,Pistons,Gainbridge Fieldhouse,Indianapolis,home,Regular Season,53,19,34,0.358,2000,2026
1610612765,Detroit,Pistons,Georgia Dome,Atlanta,home,Playoffs,3,0,3,0.0,1999,1999
1610612765,Detroit,Pistons,Georgia Dome,Atlanta,home,Regular Season,3,1,2,0.333,1998,1999
1610612765,Detroit,Pistons,Golden 1 Center,Sacramento,home,Regular Season,10,6,4,0.6,2017,2026
1610612765,Detroit,Pistons,HemisFair Arena,San Antonio,home,Regular Season,21,7,14,0.333,1977,1993
1610612765,Detroit,Pistons,Hofheinz Pavilion,Houston,home,Regular Season,9,3,6,0.333,1972,1975
1610612765,Detroit,Pistons,Hubert H. Humphrey Metrodome,Minneapolis,home,Regular Season,1,1,0,1.0,1990,1990
1610612765,Detroit,Pistons,Intuit Dome,Inglewood,home,Regular Season,2,0,2,0.0,2025,2026
1610612765,Detroit,Pistons,Izod Center,East Rutherford,home,Playoffs,6,2,4,0.333,1985,2004
1610612765,Detroit,Pistons,Izod Center,East Rutherford,home,Regular Season,62,33,29,0.532,1982,2010
1610612765,Detroit,Pistons,Kaseya Center,Miami,home,Playoffs,9,2,7,0.222,2000,2006
1610612765,Detroit,Pistons,Kaseya Center,Miami,home,Regular Season,47,18,29,0.383,2000,2026
1610612765,Detroit,Pistons,Kemper Arena,Kansas City,home,Regular Season,15,5,10,0.333,1976,1985
1610612765,Detroit,Pistons,KeyArena,Seattle,home,Regular Season,21,11,10,0.524,1986,2008
1610612765,Detroit,Pistons,Kia Center,Orlando,home,Playoffs,3,1,2,0.333,2026,2026
1610612765,Detroit,Pistons,Kia Center,Orlando,home,Regular Season,29,9,20,0.31,2011,2026
1610612765,Detroit,Pistons,Kiel Auditorium,St. Louis,home,Playoffs,2,0,2,0.0,1963,1963
1610612765,Detroit,Pistons,Kiel Auditorium,St. Louis,home,Regular Season,39,5,34,0.128,1962,1968
1610612765,Detroit,Pistons,Kingdome,Seattle,home,Regular Season,6,0,6,0.0,1980,1985
1610612765,Detroit,Pistons,LA Memorial Sports Arena,Los Angeles,home,Playoffs,3,1,2,0.333,1962,1962
1610612765,Detroit,Pistons,LA Memorial Sports Arena,Los Angeles,home,Regular Season,46,13,33,0.283,1962,1998
1610612765,Detroit,Pistons,Little Caesars Arena,Detroit,home,Playoffs,13,5,8,0.385,2019,2026
1610612765,Detroit,Pistons,Little Caesars Arena,Detroit,home,Regular Season,350,157,193,0.449,2018,2026
1610612765,Detroit,Pistons,Louisiana Superdome,New Orleans,home,Regular Season,8,4,4,0.5,1976,1979
1610612765,Detroit,Pistons,MECCA Arena,Milwaukee,home,Playoffs,2,1,1,0.5,1976,1976
1610612765,Detroit,Pistons,MECCA Arena,Milwaukee,home,Regular Season,58,14,44,0.241,1969,1988
1610612765,Detroit,Pistons,Madison Square Garden,New York,home,Playoffs,10,5,5,0.5,1984,2025
1610612765,Detroit,Pistons,Madison Square Garden,New York,home,Regular Season,118,37,81,0.314,1969,2026
1610612765,Detroit,Pistons,Madison Square Garden III,New York,home,Regular Season,31,9,22,0.29,1962,1968
1610612765,Detroit,Pistons,Market Square Arena,Indianapolis,home,Playoffs,1,1,0,1.0,1990,1990
1610612765,Detroit,Pistons,Market Square Arena,Indianapolis,home,Regular Season,57,21,36,0.368,1977,1999
1610612765,Detroit,Pistons,McNichols Sports Arena,Denver,home,Regular Season,25,12,13,0.48,1977,1998
1610612765,Detroit,Pistons,Memorial Coliseum,Portland,home,Playoffs,3,3,0,1.0,1990,1990
1610612765,Detroit,Pistons,Memorial Coliseum,Portland,home,Regular Season,36,11,25,0.306,1971,1995
1610612765,Detroit,Pistons,Miami Arena,Miami,home,Regular Season,20,8,12,0.4,1989,1999
1610612765,Detroit,Pistons,Moda Center,Portland,home,Regular Season,29,11,18,0.379,1996,2026
1610612765,Detroit,Pistons,Moody Center,Austin,home,Regular Season,1,1,0,1.0,2025,2025
1610612765,Detroit,Pistons,Mortgage Matchup Center,Phoenix,home,Regular Season,34,16,18,0.471,1993,2026
1610612765,Detroit,Pistons,Municipal Auditorium,Kansas City,home,Regular Season,13,3,10,0.231,1973,1980
1610612765,Detroit,Pistons,Nassau Veterans Memorial Coliseum,Uniondale,home,Regular Season,2,2,0,1.0,1977,1977
1610612765,Detroit,Pistons,Onondaga County War Memorial,Syracuse,home,Regular Season,9,2,7,0.222,1962,1963
1610612765,Detroit,Pistons,Oracle Arena,Oakland,home,Playoffs,5,2,3,0.4,1976,1977
1610612765,Detroit,Pistons,Oracle Arena,Oakland,home,Regular Season,57,18,39,0.316,1972,2019
1610612765,Detroit,Pistons,Paycom Center,Oklahoma City,home,Regular Season,20,6,14,0.3,2006,2026
1610612765,Detroit,Pistons,Philadelphia Arena,Philadelphia,home,Regular Season,26,3,23,0.115,1962,1967
1610612765,Detroit,Pistons,Pontiac Silverdome,Pontiac,home,Playoffs,29,22,7,0.759,1984,1988
1610612765,Detroit,Pistons,Pontiac Silverdome,Pontiac,home,Regular Season,410,248,162,0.605,1979,1988
1610612765,Detroit,Pistons,Prudential Center,Newark,home,Regular Season,4,1,3,0.25,2011,2012
1610612765,Detroit,Pistons,Pyramid Arena,Memphis,home,Regular Season,3,3,0,1.0,2002,2004
1610612765,Detroit,Pistons,Reunion Arena,Dallas,home,Regular Season,20,14,6,0.7,1981,2001
1610612765,Detroit,Pistons,Richfield Coliseum,Richfield,home,Regular Season,53,27,26,0.509,1974,1994
1610612765,Detroit,Pistons,Rocket Arena,Cleveland,home,Playoffs,13,2,11,0.154,2006,2026
1610612765,Detroit,Pistons,Rocket Arena,Cleveland,home,Regular Season,62,23,39,0.371,1995,2026
1610612765,Detroit,Pistons,Rogers Arena,Vancouver,home,Regular Season,5,3,2,0.6,1996,2001
1610612765,Detroit,Pistons,Rutgers Athletic Center,Piscataway,home,Regular Season,10,3,7,0.3,1978,1981
1610612765,Detroit,Pistons,Salt Palace,Salt Lake City,home,Regular Season,12,2,10,0.167,1980,1991
1610612765,Detroit,Pistons,San Diego Sports Arena,San Diego,home,Regular Season,19,7,12,0.368,1968,1984
1610612765,Detroit,Pistons,San Jose Arena,San Jose,home,Regular Season,1,1,0,1.0,1997,1997
1610612765,Detroit,Pistons,Scotiabank Arena,Toronto,home,Playoffs,2,0,2,0.0,2002,2002
1610612765,Detroit,Pistons,Scotiabank Arena,Toronto,home,Regular Season,46,23,23,0.5,2000,2026
1610612765,Detroit,Pistons,Seattle Center Coliseum,Seattle,home,Playoffs,2,0,2,0.0,1975,1975
1610612765,Detroit,Pistons,Seattle Center Coliseum,Seattle,home,Regular Season,21,10,11,0.476,1968,1975
1610612765,Detroit,Pistons,SkyDome,Toronto,home,Regular Season,7,7,0,1.0,1996,1999
1610612765,Detroit,Pistons,Sleep Train Arena,Sacramento,home,Regular Season,27,14,13,0.519,1989,2016
1610612765,Detroit,Pistons,Smoothie King Center,New Orleans,home,Regular Season,23,7,16,0.304,2003,2026
1610612765,Detroit,Pistons,Spectrum Center,Charlotte,home,Regular Season,38,18,20,0.474,2006,2026
1610612765,Detroit,Pistons,State Farm Arena,Atlanta,home,Regular Season,49,22,27,0.449,2000,2026
1610612765,Detroit,Pistons,TD Garden,Boston,home,Playoffs,5,1,4,0.2,2002,2008
1610612765,Detroit,Pistons,TD Garden,Boston,home,Regular Season,56,25,31,0.446,1996,2026
1610612765,Detroit,Pistons,Tacoma Dome,Tacoma,home,Regular Season,1,0,1,0.0,1995,1995
1610612765,Detroit,Pistons,Target Center,Minneapolis,home,Regular Season,35,15,20,0.429,1991,2026
1610612765,Detroit,Pistons,The Forum,Inglewood,home,Playoffs,6,3,3,0.5,1988,1989
1610612765,Detroit,Pistons,The Forum,Inglewood,home,Regular Season,51,15,36,0.294,1968,1998
1610612765,Detroit,Pistons,The O2 Arena,London,neutral,Regular Season,1,0,1,0.0,2013,2013
1610612765,Detroit,Pistons,The Omni,Atlanta,home,Playoffs,10,4,6,0.4,1986,1997
1610612765,Detroit,Pistons,The Omni,Atlanta,home,Regular Season,65,33,32,0.508,1972,1997
1610612765,Detroit,Pistons,The Palace of Auburn Hills,Auburn Hills,home,Playoffs,107,75,32,0.701,1989,2016
1610612765,Detroit,Pistons,The Palace of Auburn Hills,Auburn Hills,home,Regular Season,1164,732,432,0.629,1989,2017
1610612765,Detroit,Pistons,The Spectrum,Philadelphia,home,Regular Season,73,24,49,0.329,1968,1996
1610612765,Detroit,Pistons,The Summit,Houston,home,Regular Season,33,10,23,0.303,1976,2003
1610612765,Detroit,Pistons,Toyota Center,Houston,home,Regular Season,23,9,14,0.391,2004,2026
1610612765,Detroit,Pistons,United Center,Chicago,home,Playoffs,3,2,1,0.667,2007,2007
1610612765,Detroit,Pistons,United Center,Chicago,home,Regular Season,64,25,39,0.391,1995,2026
1610612765,Detroit,Pistons,Xfinity Mobile Arena,Philadelphia,home,Playoffs,8,4,4,0.5,2003,2008
1610612765,Detroit,Pistons,Xfinity Mobile Arena,Philadelphia,home,Regular Season,54,23,31,0.426,1997,2026
1610612761,Toronto,Raptors,Alamodome,San Antonio,home,Regular Season,7,3,4,0.429,1996,2002
1610612761,Toronto,Raptors,Amalie Arena,Tampa,home,Regular Season,36,16,20,0.444,2021,2021
1610612761,Toronto,Raptors,American Airlines Center,Dallas,home,Regular Season,25,6,19,0.24,2002,2026
1610612761,Toronto,Raptors,Amway Arena,Orlando,home,Playoffs,3,0,3,0.0,2008,2008
1610612761,Toronto,Raptors,Amway Arena,Orlando,home,Regular Season,26,10,16,0.385,1996,2010
1610612761,Toronto,Raptors,Ball Arena,Denver,home,Regular Season,27,6,21,0.222,2000,2026
1610612761,Toronto,Raptors,Barclays Center,Brooklyn,home,Playoffs,3,1,2,0.333,2014,2014
1610612761,Toronto,Raptors,Barclays Center,Brooklyn,home,Regular Season,26,15,11,0.577,2013,2026
1610612761,Toronto,Raptors,Bradley Center,Milwaukee,home,Playoffs,3,2,1,0.667,2017,2017
1610612761,Toronto,Raptors,Bradley Center,Milwaukee,home,Regular Season,42,17,25,0.405,1996,2018
1610612761,Toronto,Raptors,Capital Centre,Landover,home,Regular Season,4,1,3,0.25,1996,1997
1610612761,Toronto,Raptors,Capital One Arena,Washington,home,Playoffs,5,1,4,0.2,2015,2018
1610612761,Toronto,Raptors,Capital One Arena,Washington,home,Regular Season,51,28,23,0.549,1998,2026
1610612761,Toronto,Raptors,Charlotte Coliseum,Charlotte,home,Regular Season,15,3,12,0.2,1996,2005
1610612761,Toronto,Raptors,Chase Center,San Francisco,home,Regular Season,7,3,4,0.429,2020,2026
1610612761,Toronto,Raptors,Crypto.com Arena,Los Angeles,home,Regular Season,51,21,30,0.412,2000,2026
1610612761,Toronto,Raptors,Delta Center,Salt Lake City,home,Regular Season,30,12,18,0.4,1996,2026
1610612761,Toronto,Raptors,FedExForum,Memphis,home,Regular Season,21,11,10,0.524,2005,2026
1610612761,Toronto,Raptors,Fiserv Forum,Milwaukee,home,Playoffs,3,1,2,0.333,2019,2019
1610612761,Toronto,Raptors,Fiserv Forum,Milwaukee,home,Regular Season,14,8,6,0.571,2019,2026
1610612761,Toronto,Raptors,Frost Bank Center,San Antonio,home,Regular Season,23,5,18,0.217,2003,2026
1610612761,Toronto,Raptors,Gainbridge Fieldhouse,Indianapolis,home,Playoffs,3,1,2,0.333,2016,2016
1610612761,Toronto,Raptors,Gainbridge Fieldhouse,Indianapolis,home,Regular Season,49,20,29,0.408,2000,2026
1610612761,Toronto,Raptors,Georgia Dome,Atlanta,home,Regular Season,4,1,3,0.25,1998,1999
1610612761,Toronto,Raptors,Golden 1 Center,Sacramento,home,Regular Season,10,7,3,0.7,2017,2026
1610612761,Toronto,Raptors,Intuit Dome,Inglewood,home,Regular Season,2,0,2,0.0,2025,2026
1610612761,Toronto,Raptors,Izod Center,East Rutherford,home,Playoffs,3,0,3,0.0,2007,2007
1610612761,Toronto,Raptors,Izod Center,East Rutherford,home,Regular Season,29,12,17,0.414,1996,2010
1610612761,Toronto,Raptors,Kaseya Center,Miami,home,Playoffs,3,1,2,0.333,2016,2016
1610612761,Toronto,Raptors,Kaseya Center,Miami,home,Regular Season,48,16,32,0.333,2000,2026
1610612761,Toronto,Raptors,KeyArena,Seattle,home,Regular Season,12,3,9,0.25,1996,2008
1610612761,Toronto,Raptors,Kia Center,Orlando,home,Playoffs,2,2,0,1.0,2019,2019
1610612761,Toronto,Raptors,Kia Center,Orlando,home,Regular Season,24,15,9,0.625,2011,2026
1610612761,Toronto,Raptors,LA Memorial Sports Arena,Los Angeles,home,Regular Season,3,1,2,0.333,1996,1998
1610612761,Toronto,Raptors,Little Caesars Arena,Detroit,home,Regular Season,16,6,10,0.375,2018,2026
1610612761,Toronto,Raptors,Madison Square Garden,New York,home,Playoffs,5,2,3,0.4,2000,2001
1610612761,Toronto,Raptors,Madison Square Garden,New York,home,Regular Season,60,26,34,0.433,1996,2026
1610612761,Toronto,Raptors,Market Square Arena,Indianapolis,home,Regular Season,7,0,7,0.0,1996,1999
1610612761,Toronto,Raptors,McNichols Sports Arena,Denver,home,Regular Season,3,2,1,0.667,1996,1998
1610612761,Toronto,Raptors,Miami Arena,Miami,home,Regular Season,8,1,7,0.125,1996,1999
1610612761,Toronto,Raptors,Moda Center,Portland,home,Regular Season,29,11,18,0.379,1996,2026
1610612761,Toronto,Raptors,Mortgage Matchup Center,Phoenix,home,Regular Season,30,10,20,0.333,1996,2026
1610612761,Toronto,Raptors,Oracle Arena,Oakland,home,Playoffs,3,3,0,1.0,2019,2019
1610612761,Toronto,Raptors,Oracle Arena,Oakland,home,Regular Season,21,6,15,0.286,1996,2019
1610612761,Toronto,Raptors,Orlando Bubble,Bay Lake,bubble,Playoffs,11,7,4,0.636,2021,2021
1610612761,Toronto,Raptors,Orlando Bubble,Bay Lake,bubble,Regular Season,8,7,1,0.875,2021,2021
1610612761,Toronto,Raptors,Paycom Center,Oklahoma City,home,Regular Season,20,9,11,0.45,2006,2026
1610612761,Toronto,Raptors,Prudential Center,Newark,home,Regular Season,2,1,1,0.5,2012,2012
1610612761,Toronto,Raptors,Pyramid Arena,Memphis,home,Regular Season,3,1,2,0.333,2002,2004
1610612761,Toronto,Raptors,Reunion Arena,Dallas,home,Regular Season,5,2,3,0.4,1996,2001
1610612761,Toronto,Raptors,Rocket Arena,Cleveland,home,Playoffs,11,0,11,0.0,2016,2026
1610612761,Toronto,Raptors,Rocket Arena,Cleveland,home,Regular Season,57,23,34,0.404,1996,2026
1610612761,Toronto,Raptors,Rogers Arena,Vancouver,home,Regular Season,5,3,2,0.6,1996,2001
1610612761,Toronto,Raptors,San Jose Arena,San Jose,home,Regular Season,1,0,1,0.0,1997,1997
1610612761,Toronto,Raptors,Scotiabank Arena,Toronto,home,Playoffs,59,36,23,0.61,2000,2026
1610612761,Toronto,Raptors,Scotiabank Arena,Toronto,home,Regular Season,1047,603,444,0.576,2000,2026
1610612761,Toronto,Raptors,SkyDome,Toronto,home,Regular Season,148,56,92,0.378,1996,1999
1610612761,Toronto,Raptors,Sleep Train Arena,Sacramento,home,Regular Season,19,3,16,0.158,1996,2016
1610612761,Toronto,Raptors,Smoothie King Center,New Orleans,home,Regular Season,24,14,10,0.583,2003,2026
1610612761,Toronto,Raptors,Spectrum Center,Charlotte,home,Regular Season,35,16,19,0.457,2006,2026
1610612761,Toronto,Raptors,State Farm Arena,Atlanta,home,Regular Season,49,28,21,0.571,2000,2026
1610612761,Toronto,Raptors,TD Garden,Boston,home,Regular Season,60,14,46,0.233,1996,2026
1610612761,Toronto,Raptors,Target Center,Minneapolis,home,Regular Season,29,13,16,0.448,1996,2026
1610612761,Toronto,Raptors,The Forum,Inglewood,home,Regular Season,3,0,3,0.0,1996,1998
1610612761,Toronto,Raptors,The O2 Arena,London,neutral,Regular Season,3,1,2,0.333,2011,2016
1610612761,Toronto,Raptors,The Omni,Atlanta,home,Regular Season,4,0,4,0.0,1996,1997
1610612761,Toronto,Raptors,The Palace of Auburn Hills,Auburn Hills,home,Playoffs,3,0,3,0.0,2002,2002
1610612761,Toronto,Raptors,The Palace of Auburn Hills,Auburn Hills,home,Regular Season,42,15,27,0.357,1996,2017
1610612761,Toronto,Raptors,The Spectrum,Philadelphia,home,Regular Season,2,0,2,0.0,1996,1996
1610612761,Toronto,Raptors,The Summit,Houston,home,Regular Season,8,1,7,0.125,1996,2003
1610612761,Toronto,Raptors,Toyota Center,Houston,home,Regular Season,22,6,16,0.273,2004,2026
1610612761,Toronto,Raptors,United Center,Chicago,home,Regular Season,57,24,33,0.421,1996,2026
1610612761,Toronto,Raptors,Xfinity Mobile Arena,Philadelphia,home,Playoffs,10,3,7,0.3,2001,2022
1610612761,Toronto,Raptors,Xfinity Mobile Arena,Philadelphia,home,Regular Season,57,30,27,0.526,1997,2026
1610612745,Houston,Rockets,ARCO Arena I,Sacramento,home,Playoffs,1,1,0,1.0,1986,1986
1610612745,Houston,Rockets,ARCO Arena I,Sacramento,home,Regular Season,9,4,5,0.444,1986,1988
1610612745,Houston,Rockets,Alamodome,San Antonio,home,Playoffs,3,3,0,1.0,1995,1995
1610612745,Houston,Rockets,Alamodome,San Antonio,home,Regular Season,19,3,16,0.158,1994,2002
1610612745,Houston,Rockets,Alexander Memorial Coliseum,Atlanta,home,Playoffs,3,0,3,0.0,1969,1969
1610612745,Houston,Rockets,Alexander Memorial Coliseum,Atlanta,home,Regular Season,9,1,8,0.111,1969,1971
1610612745,Houston,Rockets,Amalie Arena,Tampa,home,Regular Season,1,0,1,0.0,2021,2021
1610612745,Houston,Rockets,American Airlines Center,Dallas,home,Playoffs,6,3,3,0.5,2005,2015
1610612745,Houston,Rockets,American Airlines Center,Dallas,home,Regular Season,46,16,30,0.348,2002,2026
1610612745,Houston,Rockets,Amway Arena,Orlando,home,Playoffs,2,2,0,1.0,1995,1995
1610612745,Houston,Rockets,Amway Arena,Orlando,home,Regular Season,22,9,13,0.409,1990,2010
1610612745,Houston,Rockets,Arizona Veterans Memorial Coliseum,Phoenix,home,Regular Season,56,16,40,0.286,1969,1992
1610612745,Houston,Rockets,Ball Arena,Denver,home,Regular Season,50,20,30,0.4,2000,2026
1610612745,Houston,Rockets,Baltimore Civic Center,Baltimore,home,Regular Season,18,2,16,0.111,1968,1973
1610612745,Houston,Rockets,Barclays Center,Brooklyn,home,Regular Season,14,6,8,0.429,2013,2026
1610612745,Houston,Rockets,Boston Garden,Boston,home,Playoffs,11,1,10,0.091,1975,1986
1610612745,Houston,Rockets,Boston Garden,Boston,home,Regular Season,49,6,43,0.122,1968,1995
1610612745,Houston,Rockets,Bradley Center,Milwaukee,home,Regular Season,28,14,14,0.5,1989,2018
1610612745,Houston,Rockets,Buffalo Memorial Auditorium,Buffalo,home,Regular Season,19,9,10,0.474,1971,1978
1610612745,Houston,Rockets,Capital Centre,Landover,home,Playoffs,3,2,1,0.667,1977,1977
1610612745,Houston,Rockets,Capital Centre,Landover,home,Regular Season,36,11,25,0.306,1974,1997
1610612745,Houston,Rockets,Capital One Arena,Washington,home,Regular Season,28,19,9,0.679,1998,2026
1610612745,Houston,Rockets,Charlotte Coliseum,Charlotte,home,Regular Season,16,10,6,0.625,1989,2005
1610612745,Houston,Rockets,Chase Center,San Francisco,home,Playoffs,3,1,2,0.333,2025,2025
1610612745,Houston,Rockets,Chase Center,San Francisco,home,Regular Season,12,4,8,0.333,2020,2026
1610612745,Houston,Rockets,Chicago Stadium,Chicago,home,Regular Season,45,13,32,0.289,1968,1994
1610612745,Houston,Rockets,Cincinnati Gardens,Cincinnati,home,Regular Season,13,4,9,0.308,1968,1972
1610612745,Houston,Rockets,Cleveland Arena,Cleveland,home,Regular Season,7,5,2,0.714,1971,1973
1610612745,Houston,Rockets,Cobo Arena,Detroit,home,Regular Season,28,4,24,0.143,1968,1978
1610612745,Houston,Rockets,Cow Palace,San Francisco,home,Regular Season,11,4,7,0.364,1968,1971
1610612745,Houston,Rockets,Crypto.com Arena,Los Angeles,home,Playoffs,13,3,10,0.231,2004,2026
1610612745,Houston,Rockets,Crypto.com Arena,Los Angeles,home,Regular Season,92,41,51,0.446,2000,2026
1610612745,Houston,Rockets,Delta Center,Salt Lake City,home,Playoffs,21,8,13,0.381,1994,2019
1610612745,Houston,Rockets,Delta Center,Salt Lake City,home,Regular Season,67,24,43,0.358,1992,2026
1610612745,Houston,Rockets,FedExForum,Memphis,home,Regular Season,43,19,24,0.442,2005,2026
1610612745,Houston,Rockets,Fiserv Forum,Milwaukee,home,Regular Season,7,1,6,0.143,2019,2026
1610612745,Houston,Rockets,Frost Bank Center,San Antonio,home,Playoffs,3,1,2,0.333,2017,2017
1610612745,Houston,Rockets,Frost Bank Center,San Antonio,home,Regular Season,47,14,33,0.298,2003,2026
1610612745,Houston,Rockets,Gainbridge Fieldhouse,Indianapolis,home,Regular Season,25,9,16,0.36,2000,2026
1610612745,Houston,Rockets,Georgia Dome,Atlanta,home,Regular Season,1,0,1,0.0,1998,1998
1610612745,Houston,Rockets,Golden 1 Center,Sacramento,home,Regular Season,17,8,9,0.471,2017,2026
1610612745,Houston,Rockets,HemisFair Arena,San Antonio,home,Playoffs,5,3,2,0.6,1980,1981
1610612745,Houston,Rockets,HemisFair Arena,San Antonio,home,Regular Season,45,19,26,0.422,1977,1993
1610612745,Houston,Rockets,Hofheinz Pavilion,Houston,home,Playoffs,4,3,1,0.75,1975,1975
1610612745,Houston,Rockets,Hofheinz Pavilion,Houston,home,Regular Season,165,87,78,0.527,1972,1975
1610612745,Houston,Rockets,Hubert H. Humphrey Metrodome,Minneapolis,home,Regular Season,2,0,2,0.0,1990,1990
1610612745,Houston,Rockets,Intuit Dome,Inglewood,home,Regular Season,3,1,2,0.333,2025,2026
1610612745,Houston,Rockets,Izod Center,East Rutherford,home,Regular Season,29,17,12,0.586,1982,2010
1610612745,Houston,Rockets,Kaseya Center,Miami,home,Regular Season,27,7,20,0.259,2000,2026
1610612745,Houston,Rockets,Kemper Arena,Kansas City,home,Playoffs,3,2,1,0.667,1981,1981
1610612745,Houston,Rockets,Kemper Arena,Kansas City,home,Regular Season,23,7,16,0.304,1976,1985
1610612745,Houston,Rockets,KeyArena,Seattle,home,Playoffs,14,3,11,0.214,1987,1997
1610612745,Houston,Rockets,KeyArena,Seattle,home,Regular Season,44,15,29,0.341,1986,2008
1610612745,Houston,Rockets,Kia Center,Orlando,home,Regular Season,16,9,7,0.562,2011,2026
1610612745,Houston,Rockets,Kiel Auditorium,St. Louis,home,Regular Season,4,0,4,0.0,1968,1968
1610612745,Houston,Rockets,Kingdome,Seattle,home,Playoffs,2,0,2,0.0,1982,1982
1610612745,Houston,Rockets,Kingdome,Seattle,home,Regular Season,13,5,8,0.385,1980,1985
1610612745,Houston,Rockets,LA Memorial Sports Arena,Los Angeles,home,Playoffs,2,1,1,0.5,1993,1993
1610612745,Houston,Rockets,LA Memorial Sports Arena,Los Angeles,home,Regular Season,32,17,15,0.531,1985,1999
1610612745,Houston,Rockets,Little Caesars Arena,Detroit,home,Regular Season,8,6,2,0.75,2018,2026
1610612745,Houston,Rockets,Louisiana Superdome,New Orleans,home,Regular Season,9,5,4,0.556,1976,1979
1610612745,Houston,Rockets,MECCA Arena,Milwaukee,home,Regular Season,35,5,30,0.143,1969,1988
1610612745,Houston,Rockets,Madison Square Garden,New York,home,Playoffs,4,1,3,0.25,1975,1994
1610612745,Houston,Rockets,Madison Square Garden,New York,home,Regular Season,74,29,45,0.392,1969,2026
1610612745,Houston,Rockets,Madison Square Garden III,New York,home,Regular Season,3,0,3,0.0,1968,1968
1610612745,Houston,Rockets,Market Square Arena,Indianapolis,home,Regular Season,27,15,12,0.556,1977,1998
1610612745,Houston,Rockets,McNichols Sports Arena,Denver,home,Playoffs,3,1,2,0.333,1986,1986
1610612745,Houston,Rockets,McNichols Sports Arena,Denver,home,Regular Season,56,22,34,0.393,1977,1999
1610612745,Houston,Rockets,Memorial Coliseum,Portland,home,Playoffs,4,2,2,0.5,1987,1994
1610612745,Houston,Rockets,Memorial Coliseum,Portland,home,Regular Season,53,23,30,0.434,1971,1995
1610612745,Houston,Rockets,Miami Arena,Miami,home,Regular Season,13,7,6,0.538,1989,1999
1610612745,Houston,Rockets,Moda Center,Portland,home,Playoffs,6,2,4,0.333,2009,2014
1610612745,Houston,Rockets,Moda Center,Portland,home,Regular Season,56,27,29,0.482,1996,2026
1610612745,Houston,Rockets,Mortgage Matchup Center,Phoenix,home,Playoffs,7,4,3,0.571,1994,1995
1610612745,Houston,Rockets,Mortgage Matchup Center,Phoenix,home,Regular Season,62,31,31,0.5,1993,2026
1610612745,Houston,Rockets,Municipal Auditorium,Kansas City,home,Regular Season,11,4,7,0.364,1973,1980
1610612745,Houston,Rockets,Nassau Veterans Memorial Coliseum,Uniondale,home,Regular Season,2,1,1,0.5,1977,1977
1610612745,Houston,Rockets,Oracle Arena,Oakland,home,Playoffs,12,1,11,0.083,2015,2019
1610612745,Houston,Rockets,Oracle Arena,Oakland,home,Regular Season,93,52,41,0.559,1972,2019
1610612745,Houston,Rockets,Orlando Bubble,Bay Lake,bubble,Playoffs,12,5,7,0.417,2021,2021
1610612745,Houston,Rockets,Orlando Bubble,Bay Lake,bubble,Regular Season,8,4,4,0.5,2020,2021
1610612745,Houston,Rockets,Paycom Center,Oklahoma City,home,Playoffs,5,2,3,0.4,2013,2017
1610612745,Houston,Rockets,Paycom Center,Oklahoma City,home,Regular Season,37,13,24,0.351,2006,2026
1610612745,Houston,Rockets,Pontiac Silverdome,Pontiac,home,Regular Season,13,6,7,0.462,1979,1988
1610612745,Houston,Rockets,Prudential Center,Newark,home,Regular Season,2,2,0,1.0,2011,2012
1610612745,Houston,Rockets,Pyramid Arena,Memphis,home,Regular Season,6,1,5,0.167,2002,2004
1610612745,Houston,Rockets,Reunion Arena,Dallas,home,Playoffs,2,1,1,0.5,1988,1988
1610612745,Houston,Rockets,Reunion Arena,Dallas,home,Regular Season,54,30,24,0.556,1981,2001
1610612745,Houston,Rockets,Richfield Coliseum,Richfield,home,Regular Season,35,15,20,0.429,1974,1994
1610612745,Houston,Rockets,Rocket Arena,Cleveland,home,Regular Season,31,17,14,0.548,1995,2026
1610612745,Houston,Rockets,Rogers Arena,Vancouver,home,Regular Season,12,9,3,0.75,1996,2001
1610612745,Houston,Rockets,Rutgers Athletic Center,Piscataway,home,Regular Season,8,4,4,0.5,1978,1981
1610612745,Houston,Rockets,Salt Palace,Salt Lake City,home,Playoffs,2,1,1,0.5,1985,1985
1610612745,Houston,Rockets,Salt Palace,Salt Lake City,home,Regular Season,33,9,24,0.273,1980,1991
1610612745,Houston,Rockets,San Diego Sports Arena,San Diego,home,Playoffs,3,2,1,0.667,1969,1969
1610612745,Houston,Rockets,San Diego Sports Arena,San Diego,home,Regular Season,183,94,89,0.514,1968,1984
1610612745,Houston,Rockets,San Jose Arena,San Jose,home,Regular Season,2,2,0,1.0,1997,1997
1610612745,Houston,Rockets,Scotiabank Arena,Toronto,home,Regular Season,26,9,17,0.346,2000,2026
1610612745,Houston,Rockets,Seattle Center Coliseum,Seattle,home,Regular Season,20,7,13,0.35,1968,1975
1610612745,Houston,Rockets,SkyDome,Toronto,home,Regular Season,3,2,1,0.667,1996,1998
1610612745,Houston,Rockets,Sleep Train Arena,Sacramento,home,Regular Season,52,29,23,0.558,1989,2016
1610612745,Houston,Rockets,Smoothie King Center,New Orleans,home,Regular Season,42,20,22,0.476,2003,2026
1610612745,Houston,Rockets,Spectrum Center,Charlotte,home,Regular Season,21,14,7,0.667,2006,2026
1610612745,Houston,Rockets,State Farm Arena,Atlanta,home,Regular Season,25,10,15,0.4,2000,2026
1610612745,Houston,Rockets,T-Mobile Arena,Las Vegas,neutral,Regular Season,1,0,1,0.0,2025,2025
1610612745,Houston,Rockets,TD Garden,Boston,home,Regular Season,30,17,13,0.567,1996,2026
1610612745,Houston,Rockets,Tacoma Dome,Tacoma,home,Regular Season,2,0,2,0.0,1995,1995
1610612745,Houston,Rockets,Target Center,Minneapolis,home,Playoffs,3,2,1,0.667,1997,2018
1610612745,Houston,Rockets,Target Center,Minneapolis,home,Regular Season,70,37,33,0.529,1991,2026
1610612745,Houston,Rockets,The Forum,Inglewood,home,Playoffs,13,5,8,0.385,1981,1999
1610612745,Houston,Rockets,The Forum,Inglewood,home,Regular Season,73,17,56,0.233,1968,1999
1610612745,Houston,Rockets,The Omni,Atlanta,home,Playoffs,1,0,1,0.0,1979,1979
1610612745,Houston,Rockets,The Omni,Atlanta,home,Regular Season,43,14,29,0.326,1972,1997
1610612745,Houston,Rockets,The Palace of Auburn Hills,Auburn Hills,home,Regular Season,27,8,19,0.296,1989,2017
1610612745,Houston,Rockets,The Spectrum,Philadelphia,home,Playoffs,3,1,2,0.333,1977,1977
1610612745,Houston,Rockets,The Spectrum,Philadelphia,home,Regular Season,49,14,35,0.286,1968,1996
1610612745,Houston,Rockets,The Summit,Houston,home,Playoffs,92,56,36,0.609,1977,1999
1610612745,Houston,Rockets,The Summit,Houston,home,Regular Season,1131,746,385,0.66,1976,2003
1610612745,Houston,Rockets,Toyota Center,Houston,home,Playoffs,64,40,24,0.625,2004,2026
1610612745,Houston,Rockets,Toyota Center,Houston,home,Regular Season,919,580,339,0.631,2004,2026
1610612745,Houston,Rockets,United Center,Chicago,home,Regular Season,31,15,16,0.484,1995,2026
1610612745,Houston,Rockets,Xfinity Mobile Arena,Philadelphia,home,Regular Season,27,14,13,0.519,1997,2026
1610612759,San Antonio,Spurs,ARCO Arena I,Sacramento,home,Regular Season,9,3,6,0.333,1986,1988
1610612759,San Antonio,Spurs,Alamodome,San Antonio,home,Playoffs,41,27,14,0.659,1994,2002
1610612759,San Antonio,Spurs,Alamodome,San Antonio,home,Regular Season,353,258,95,0.731,1994,2002
1610612759,San Antonio,Spurs,Amalie Arena,Tampa,home,Regular Season,1,0,1,0.0,2021,2021
1610612759,San Antonio,Spurs,American Airlines Center,Dallas,home,Playoffs,14,6,8,0.429,2003,2014
1610612759,San Antonio,Spurs,American Airlines Center,Dallas,home,Regular Season,50,25,25,0.5,2002,2026
1610612759,San Antonio,Spurs,Amway Arena,Orlando,home,Regular Season,21,11,10,0.524,1990,2010
1610612759,San Antonio,Spurs,Arizona Veterans Memorial Coliseum,Phoenix,home,Playoffs,2,0,2,0.0,1992,1992
1610612759,San Antonio,Spurs,Arizona Veterans Memorial Coliseum,Phoenix,home,Regular Season,35,11,24,0.314,1977,1992
1610612759,San Antonio,Spurs,Ball Arena,Denver,home,Playoffs,8,5,3,0.625,2005,2019
1610612759,San Antonio,Spurs,Ball Arena,Denver,home,Regular Season,49,24,25,0.49,2000,2026
1610612759,San Antonio,Spurs,Barclays Center,Brooklyn,home,Regular Season,14,6,8,0.429,2013,2026
1610612759,San Antonio,Spurs,Boston Garden,Boston,home,Playoffs,1,0,1,0.0,1977,1977
1610612759,San Antonio,Spurs,Boston Garden,Boston,home,Regular Season,24,7,17,0.292,1977,1995
1610612759,San Antonio,Spurs,Bradley Center,Milwaukee,home,Regular Season,29,15,14,0.517,1989,2018
1610612759,San Antonio,Spurs,Buffalo Memorial Auditorium,Buffalo,home,Regular Season,4,3,1,0.75,1977,1978
1610612759,San Antonio,Spurs,Capital Centre,Landover,home,Playoffs,7,1,6,0.143,1978,1979
1610612759,San Antonio,Spurs,Capital Centre,Landover,home,Regular Season,26,9,17,0.346,1977,1997
1610612759,San Antonio,Spurs,Capital One Arena,Washington,home,Regular Season,27,19,8,0.704,1998,2026
1610612759,San Antonio,Spurs,Charlotte Coliseum,Charlotte,home,Regular Season,16,10,6,0.625,1989,2005
1610612759,San Antonio,Spurs,Chase Center,San Francisco,home,Regular Season,10,7,3,0.7,2020,2026
1610612759,San Antonio,Spurs,Chicago Stadium,Chicago,home,Regular Season,21,9,12,0.429,1977,1994
1610612759,San Antonio,Spurs,Cobo Arena,Detroit,home,Regular Season,3,3,0,1.0,1977,1978
1610612759,San Antonio,Spurs,Crypto.com Arena,Los Angeles,home,Playoffs,22,8,14,0.364,2001,2015
1610612759,San Antonio,Spurs,Crypto.com Arena,Los Angeles,home,Regular Season,92,54,38,0.587,2000,2026
1610612759,San Antonio,Spurs,Delta Center,Salt Lake City,home,Playoffs,12,3,9,0.25,1994,2012
1610612759,San Antonio,Spurs,Delta Center,Salt Lake City,home,Regular Season,66,31,35,0.47,1992,2026
1610612759,San Antonio,Spurs,FedExForum,Memphis,home,Playoffs,10,5,5,0.5,2011,2017
1610612759,San Antonio,Spurs,FedExForum,Memphis,home,Regular Season,43,22,21,0.512,2005,2026
1610612759,San Antonio,Spurs,Fiserv Forum,Milwaukee,home,Regular Season,8,2,6,0.25,2019,2026
1610612759,San Antonio,Spurs,Frost Bank Center,San Antonio,home,Playoffs,129,91,38,0.705,2003,2026
1610612759,San Antonio,Spurs,Frost Bank Center,San Antonio,home,Regular Season,946,679,267,0.718,2003,2026
1610612759,San Antonio,Spurs,Gainbridge Fieldhouse,Indianapolis,home,Regular Season,24,16,8,0.667,2000,2026
1610612759,San Antonio,Spurs,Georgia Dome,Atlanta,home,Regular Season,1,0,1,0.0,1998,1998
1610612759,San Antonio,Spurs,Golden 1 Center,Sacramento,home,Regular Season,16,8,8,0.5,2017,2026
1610612759,San Antonio,Spurs,HemisFair Arena,San Antonio,home,Playoffs,43,25,18,0.581,1977,1993
1610612759,San Antonio,Spurs,HemisFair Arena,San Antonio,home,Regular Season,697,483,214,0.693,1977,1993
1610612759,San Antonio,Spurs,Hubert H. Humphrey Metrodome,Minneapolis,home,Regular Season,2,2,0,1.0,1990,1990
1610612759,San Antonio,Spurs,Intuit Dome,Inglewood,home,Regular Season,4,2,2,0.5,2025,2026
1610612759,San Antonio,Spurs,Izod Center,East Rutherford,home,Playoffs,3,2,1,0.667,2003,2003
1610612759,San Antonio,Spurs,Izod Center,East Rutherford,home,Regular Season,28,16,12,0.571,1982,2010
1610612759,San Antonio,Spurs,Kaseya Center,Miami,home,Playoffs,6,3,3,0.5,2013,2014
1610612759,San Antonio,Spurs,Kaseya Center,Miami,home,Regular Season,27,12,15,0.444,2000,2026
1610612759,San Antonio,Spurs,Kemper Arena,Kansas City,home,Regular Season,21,11,10,0.524,1977,1985
1610612759,San Antonio,Spurs,KeyArena,Seattle,home,Playoffs,5,2,3,0.4,2002,2005
1610612759,San Antonio,Spurs,KeyArena,Seattle,home,Regular Season,43,17,26,0.395,1986,2008
1610612759,San Antonio,Spurs,Kia Center,Orlando,home,Regular Season,16,10,6,0.625,2011,2026
1610612759,San Antonio,Spurs,Kingdome,Seattle,home,Playoffs,3,2,1,0.667,1982,1982
1610612759,San Antonio,Spurs,Kingdome,Seattle,home,Regular Season,14,4,10,0.286,1980,1985
1610612759,San Antonio,Spurs,LA Memorial Sports Arena,Los Angeles,home,Regular Season,31,19,12,0.613,1985,1999
1610612759,San Antonio,Spurs,Little Caesars Arena,Detroit,home,Regular Season,9,4,5,0.444,2018,2026
1610612759,San Antonio,Spurs,Louisiana Superdome,New Orleans,home,Regular Season,6,2,4,0.333,1977,1979
1610612759,San Antonio,Spurs,MECCA Arena,Milwaukee,home,Regular Season,15,4,11,0.267,1977,1988
1610612759,San Antonio,Spurs,Madison Square Garden,New York,home,Playoffs,5,3,2,0.6,1999,2026
1610612759,San Antonio,Spurs,Madison Square Garden,New York,home,Regular Season,53,18,35,0.34,1977,2026
1610612759,San Antonio,Spurs,Market Square Arena,Indianapolis,home,Regular Season,27,11,16,0.407,1977,1998
1610612759,San Antonio,Spurs,McNichols Sports Arena,Denver,home,Playoffs,7,4,3,0.571,1983,1995
1610612759,San Antonio,Spurs,McNichols Sports Arena,Denver,home,Regular Season,56,23,33,0.411,1977,1999
1610612759,San Antonio,Spurs,Memorial Coliseum,Portland,home,Playoffs,6,1,5,0.167,1990,1993
1610612759,San Antonio,Spurs,Memorial Coliseum,Portland,home,Regular Season,40,10,30,0.25,1977,1995
1610612759,San Antonio,Spurs,Miami Arena,Miami,home,Regular Season,12,6,6,0.5,1989,1998
1610612759,San Antonio,Spurs,Moda Center,Portland,home,Playoffs,6,5,1,0.833,1999,2026
1610612759,San Antonio,Spurs,Moda Center,Portland,home,Regular Season,57,27,30,0.474,1996,2026
1610612759,San Antonio,Spurs,Moody Center,Austin,home,Regular Season,8,5,3,0.625,2023,2026
1610612759,San Antonio,Spurs,Mortgage Matchup Center,Phoenix,home,Playoffs,22,10,12,0.455,1993,2010
1610612759,San Antonio,Spurs,Mortgage Matchup Center,Phoenix,home,Regular Season,62,27,35,0.435,1993,2026
1610612759,San Antonio,Spurs,Municipal Auditorium,Kansas City,home,Regular Season,1,0,1,0.0,1980,1980
1610612759,San Antonio,Spurs,Nassau Veterans Memorial Coliseum,Uniondale,home,Regular Season,2,1,1,0.5,1977,1977
1610612759,San Antonio,Spurs,Oracle Arena,Oakland,home,Playoffs,10,2,8,0.2,1991,2018
1610612759,San Antonio,Spurs,Oracle Arena,Oakland,home,Regular Season,83,44,39,0.53,1977,2019
1610612759,San Antonio,Spurs,Orlando Bubble,Bay Lake,bubble,Regular Season,8,5,3,0.625,2020,2021
1610612759,San Antonio,Spurs,Paycom Center,Oklahoma City,home,Playoffs,13,4,9,0.308,2012,2026
1610612759,San Antonio,Spurs,Paycom Center,Oklahoma City,home,Regular Season,34,13,21,0.382,2006,2026
1610612759,San Antonio,Spurs,Pontiac Silverdome,Pontiac,home,Regular Season,13,8,5,0.615,1979,1988
1610612759,San Antonio,Spurs,Prudential Center,Newark,home,Regular Season,2,2,0,1.0,2011,2012
1610612759,San Antonio,Spurs,Pyramid Arena,Memphis,home,Playoffs,2,2,0,1.0,2004,2004
1610612759,San Antonio,Spurs,Pyramid Arena,Memphis,home,Regular Season,6,4,2,0.667,2002,2004
1610612759,San Antonio,Spurs,Reunion Arena,Dallas,home,Playoffs,2,1,1,0.5,2001,2001
1610612759,San Antonio,Spurs,Reunion Arena,Dallas,home,Regular Season,54,28,26,0.519,1981,2001
1610612759,San Antonio,Spurs,Richfield Coliseum,Richfield,home,Regular Season,23,8,15,0.348,1977,1994
1610612759,San Antonio,Spurs,Rocket Arena,Cleveland,home,Playoffs,2,2,0,1.0,2007,2007
1610612759,San Antonio,Spurs,Rocket Arena,Cleveland,home,Regular Season,32,17,15,0.531,1995,2026
1610612759,San Antonio,Spurs,Rogers Arena,Vancouver,home,Regular Season,12,11,1,0.917,1996,2001
1610612759,San Antonio,Spurs,Rutgers Athletic Center,Piscataway,home,Regular Season,8,6,2,0.75,1978,1981
1610612759,San Antonio,Spurs,Salt Palace,Salt Lake City,home,Regular Season,33,7,26,0.212,1980,1991
1610612759,San Antonio,Spurs,San Diego Sports Arena,San Diego,home,Regular Season,13,9,4,0.692,1979,1984
1610612759,San Antonio,Spurs,San Jose Arena,San Jose,home,Regular Season,2,0,2,0.0,1997,1997
1610612759,San Antonio,Spurs,Scotiabank Arena,Toronto,home,Regular Season,26,15,11,0.577,2000,2026
1610612759,San Antonio,Spurs,SkyDome,Toronto,home,Regular Season,3,3,0,1.0,1996,1998
1610612759,San Antonio,Spurs,Sleep Train Arena,Sacramento,home,Playoffs,3,1,2,0.333,2006,2006
1610612759,San Antonio,Spurs,Sleep Train Arena,Sacramento,home,Regular Season,53,35,18,0.66,1989,2016
1610612759,San Antonio,Spurs,Smoothie King Center,New Orleans,home,Playoffs,4,1,3,0.25,2008,2008
1610612759,San Antonio,Spurs,Smoothie King Center,New Orleans,home,Regular Season,42,24,18,0.571,2003,2026
1610612759,San Antonio,Spurs,Spectrum Center,Charlotte,home,Regular Season,20,12,8,0.6,2006,2026
1610612759,San Antonio,Spurs,State Farm Arena,Atlanta,home,Regular Season,26,17,9,0.654,2000,2026
1610612759,San Antonio,Spurs,T-Mobile Arena,Las Vegas,neutral,Regular Season,1,1,0,1.0,2026,2026
1610612759,San Antonio,Spurs,TD Garden,Boston,home,Regular Season,30,22,8,0.733,1996,2026
1610612759,San Antonio,Spurs,Tacoma Dome,Tacoma,home,Regular Season,2,1,1,0.5,1995,1995
1610612759,San Antonio,Spurs,Target Center,Minneapolis,home,Playoffs,7,5,2,0.714,1999,2026
1610612759,San Antonio,Spurs,Target Center,Minneapolis,home,Regular Season,70,38,32,0.543,1991,2026
1610612759,San Antonio,Spurs,The Forum,Inglewood,home,Playoffs,14,6,8,0.429,1982,1999
1610612759,San Antonio,Spurs,The Forum,Inglewood,home,Regular Season,48,14,34,0.292,1977,1999
1610612759,San Antonio,Spurs,The Omni,Atlanta,home,Regular Season,26,7,19,0.269,1977,1997
1610612759,San Antonio,Spurs,The Palace of Auburn Hills,Auburn Hills,home,Playoffs,3,1,2,0.333,2005,2005
1610612759,San Antonio,Spurs,The Palace of Auburn Hills,Auburn Hills,home,Regular Season,28,13,15,0.464,1989,2017
1610612759,San Antonio,Spurs,The Spectrum,Philadelphia,home,Playoffs,3,1,2,0.333,1979,1979
1610612759,San Antonio,Spurs,The Spectrum,Philadelphia,home,Regular Season,25,12,13,0.48,1977,1996
1610612759,San Antonio,Spurs,The Summit,Houston,home,Playoffs,8,4,4,0.5,1980,1995
1610612759,San Antonio,Spurs,The Summit,Houston,home,Regular Season,67,27,40,0.403,1977,2003
1610612759,San Antonio,Spurs,Toyota Center,Houston,home,Playoffs,3,2,1,0.667,2017,2017
1610612759,San Antonio,Spurs,Toyota Center,Houston,home,Regular Season,44,19,25,0.432,2004,2026
1610612759,San Antonio,Spurs,United Center,Chicago,home,Regular Season,31,16,15,0.516,1995,2026
1610612759,San Antonio,Spurs,Xfinity Mobile Arena,Philadelphia,home,Regular Season,30,13,17,0.433,1997,2026
1610612756,Phoenix,Suns,ARCO Arena I,Sacramento,home,Regular Season,7,2,5,0.286,1986,1988
1610612756,Phoenix,Suns,Alamodome,San Antonio,home,Playoffs,6,1,5,0.167,1996,2000
1610612756,Phoenix,Suns,Alamodome,San Antonio,home,Regular Season,18,5,13,0.278,1994,2002
1610612756,Phoenix,Suns,Alexander Memorial Coliseum,Atlanta,home,Regular Season,9,3,6,0.333,1969,1971
1610612756,Phoenix,Suns,Amalie Arena,Tampa,home,Regular Season,1,1,0,1.0,2021,2021
1610612756,Phoenix,Suns,American Airlines Center,Dallas,home,Playoffs,9,3,6,0.333,2005,2022
1610612756,Phoenix,Suns,American Airlines Center,Dallas,home,Regular Season,45,19,26,0.422,2002,2026
1610612756,Phoenix,Suns,Amway Arena,Orlando,home,Regular Season,21,12,9,0.571,1990,2010
1610612756,Phoenix,Suns,Arizona Veterans Memorial Coliseum,Phoenix,home,Playoffs,63,41,22,0.651,1970,1992
1610612756,Phoenix,Suns,Arizona Veterans Memorial Coliseum,Phoenix,home,Regular Season,987,683,304,0.692,1969,1992
1610612756,Phoenix,Suns,Ball Arena,Denver,home,Playoffs,5,2,3,0.4,2021,2023
1610612756,Phoenix,Suns,Ball Arena,Denver,home,Regular Season,49,19,30,0.388,2000,2026
1610612756,Phoenix,Suns,Baltimore Civic Center,Baltimore,home,Regular Season,13,3,10,0.231,1969,1973
1610612756,Phoenix,Suns,Barclays Center,Brooklyn,home,Regular Season,14,7,7,0.5,2013,2026
1610612756,Phoenix,Suns,Boston Garden,Boston,home,Playoffs,3,0,3,0.0,1976,1976
1610612756,Phoenix,Suns,Boston Garden,Boston,home,Regular Season,41,11,30,0.268,1969,1995
1610612756,Phoenix,Suns,Bradley Center,Milwaukee,home,Regular Season,30,18,12,0.6,1989,2018
1610612756,Phoenix,Suns,Buffalo Memorial Auditorium,Buffalo,home,Regular Season,16,6,10,0.375,1971,1978
1610612756,Phoenix,Suns,Capital Centre,Landover,home,Regular Season,30,11,19,0.367,1974,1997
1610612756,Phoenix,Suns,Capital One Arena,Washington,home,Regular Season,26,14,12,0.538,1998,2026
1610612756,Phoenix,Suns,Charlotte Coliseum,Charlotte,home,Regular Season,16,8,8,0.5,1989,2005
1610612756,Phoenix,Suns,Chase Center,San Francisco,home,Regular Season,13,5,8,0.385,2020,2026
1610612756,Phoenix,Suns,Chicago Stadium,Chicago,home,Playoffs,3,2,1,0.667,1993,1993
1610612756,Phoenix,Suns,Chicago Stadium,Chicago,home,Regular Season,46,15,31,0.326,1969,1994
1610612756,Phoenix,Suns,Cincinnati Gardens,Cincinnati,home,Regular Season,9,3,6,0.333,1969,1972
1610612756,Phoenix,Suns,Cleveland Arena,Cleveland,home,Regular Season,6,5,1,0.833,1971,1973
1610612756,Phoenix,Suns,Cobo Arena,Detroit,home,Regular Season,27,10,17,0.37,1969,1978
1610612756,Phoenix,Suns,Cow Palace,San Francisco,home,Regular Season,8,4,4,0.5,1969,1971
1610612756,Phoenix,Suns,Crypto.com Arena,Los Angeles,home,Playoffs,22,9,13,0.409,2000,2023
1610612756,Phoenix,Suns,Crypto.com Arena,Los Angeles,home,Regular Season,102,40,62,0.392,2000,2026
1610612756,Phoenix,Suns,Delta Center,Salt Lake City,home,Regular Season,64,23,41,0.359,1992,2026
1610612756,Phoenix,Suns,FedExForum,Memphis,home,Playoffs,2,2,0,1.0,2005,2005
1610612756,Phoenix,Suns,FedExForum,Memphis,home,Regular Season,37,16,21,0.432,2005,2026
1610612756,Phoenix,Suns,Fiserv Forum,Milwaukee,home,Playoffs,3,0,3,0.0,2021,2021
1610612756,Phoenix,Suns,Fiserv Forum,Milwaukee,home,Regular Season,8,3,5,0.375,2019,2026
1610612756,Phoenix,Suns,Frost Bank Center,San Antonio,home,Playoffs,13,5,8,0.385,2003,2010
1610612756,Phoenix,Suns,Frost Bank Center,San Antonio,home,Regular Season,41,13,28,0.317,2003,2026
1610612756,Phoenix,Suns,Gainbridge Fieldhouse,Indianapolis,home,Regular Season,26,13,13,0.5,2000,2026
1610612756,Phoenix,Suns,Georgia Dome,Atlanta,home,Regular Season,2,1,1,0.5,1998,1999
1610612756,Phoenix,Suns,Golden 1 Center,Sacramento,home,Regular Season,20,10,10,0.5,2017,2026
1610612756,Phoenix,Suns,HemisFair Arena,San Antonio,home,Playoffs,4,2,2,0.5,1992,1993
1610612756,Phoenix,Suns,HemisFair Arena,San Antonio,home,Regular Season,37,14,23,0.378,1977,1993
1610612756,Phoenix,Suns,Hofheinz Pavilion,Houston,home,Regular Season,8,3,5,0.375,1972,1975
1610612756,Phoenix,Suns,Hubert H. Humphrey Metrodome,Minneapolis,home,Regular Season,2,2,0,1.0,1990,1990
1610612756,Phoenix,Suns,Intuit Dome,Inglewood,home,Regular Season,4,3,1,0.75,2025,2026
1610612756,Phoenix,Suns,Izod Center,East Rutherford,home,Regular Season,28,13,15,0.464,1982,2010
1610612756,Phoenix,Suns,Kaseya Center,Miami,home,Regular Season,26,9,17,0.346,2000,2026
1610612756,Phoenix,Suns,Kemper Arena,Kansas City,home,Playoffs,5,2,3,0.4,1979,1981
1610612756,Phoenix,Suns,Kemper Arena,Kansas City,home,Regular Season,21,7,14,0.333,1976,1985
1610612756,Phoenix,Suns,KeyArena,Seattle,home,Playoffs,6,2,4,0.333,1993,1997
1610612756,Phoenix,Suns,KeyArena,Seattle,home,Regular Season,49,21,28,0.429,1986,2008
1610612756,Phoenix,Suns,Kia Center,Orlando,home,Regular Season,16,6,10,0.375,2011,2026
1610612756,Phoenix,Suns,Kingdome,Seattle,home,Regular Season,18,8,10,0.444,1980,1985
1610612756,Phoenix,Suns,LA Memorial Sports Arena,Los Angeles,home,Regular Season,38,21,17,0.553,1985,1999
1610612756,Phoenix,Suns,Little Caesars Arena,Detroit,home,Regular Season,9,4,5,0.444,2018,2026
1610612756,Phoenix,Suns,Louisiana Superdome,New Orleans,home,Regular Season,8,4,4,0.5,1976,1979
1610612756,Phoenix,Suns,MECCA Arena,Milwaukee,home,Playoffs,1,0,1,0.0,1978,1978
1610612756,Phoenix,Suns,MECCA Arena,Milwaukee,home,Regular Season,39,8,31,0.205,1969,1988
1610612756,Phoenix,Suns,Madison Square Garden,New York,home,Regular Season,72,28,44,0.389,1969,2026
1610612756,Phoenix,Suns,Market Square Arena,Indianapolis,home,Regular Season,25,11,14,0.44,1977,1998
1610612756,Phoenix,Suns,McNichols Sports Arena,Denver,home,Playoffs,4,2,2,0.5,1982,1989
1610612756,Phoenix,Suns,McNichols Sports Arena,Denver,home,Regular Season,51,21,30,0.412,1977,1999
1610612756,Phoenix,Suns,Memorial Coliseum,Portland,home,Playoffs,11,3,8,0.273,1979,1995
1610612756,Phoenix,Suns,Memorial Coliseum,Portland,home,Regular Season,69,25,44,0.362,1971,1995
1610612756,Phoenix,Suns,Miami Arena,Miami,home,Regular Season,11,10,1,0.909,1989,1998
1610612756,Phoenix,Suns,Moda Center,Portland,home,Playoffs,5,2,3,0.4,1999,2010
1610612756,Phoenix,Suns,Moda Center,Portland,home,Regular Season,56,23,33,0.411,1996,2026
1610612756,Phoenix,Suns,Moody Center,Austin,home,Regular Season,2,0,2,0.0,2025,2026
1610612756,Phoenix,Suns,Mortgage Matchup Center,Phoenix,home,Playoffs,103,60,43,0.583,1993,2026
1610612756,Phoenix,Suns,Mortgage Matchup Center,Phoenix,home,Regular Season,1354,847,507,0.626,1993,2026
1610612756,Phoenix,Suns,Municipal Auditorium,Kansas City,home,Playoffs,1,0,1,0.0,1980,1980
1610612756,Phoenix,Suns,Municipal Auditorium,Kansas City,home,Regular Season,13,6,7,0.462,1973,1980
1610612756,Phoenix,Suns,Nassau Veterans Memorial Coliseum,Uniondale,home,Regular Season,2,1,1,0.5,1977,1977
1610612756,Phoenix,Suns,Oracle Arena,Oakland,home,Playoffs,7,5,2,0.714,1976,1994
1610612756,Phoenix,Suns,Oracle Arena,Oakland,home,Regular Season,110,44,66,0.4,1972,2019
1610612756,Phoenix,Suns,Orlando Bubble,Bay Lake,bubble,Regular Season,8,8,0,1.0,2020,2021
1610612756,Phoenix,Suns,Paycom Center,Oklahoma City,home,Playoffs,2,0,2,0.0,2026,2026
1610612756,Phoenix,Suns,Paycom Center,Oklahoma City,home,Regular Season,35,11,24,0.314,2006,2026
1610612756,Phoenix,Suns,Pontiac Silverdome,Pontiac,home,Regular Season,11,6,5,0.545,1979,1988
1610612756,Phoenix,Suns,Prudential Center,Newark,home,Regular Season,1,1,0,1.0,2011,2011
1610612756,Phoenix,Suns,Pyramid Arena,Memphis,home,Regular Season,6,3,3,0.5,2002,2004
1610612756,Phoenix,Suns,Reunion Arena,Dallas,home,Regular Season,46,23,23,0.5,1981,2001
1610612756,Phoenix,Suns,Richfield Coliseum,Richfield,home,Regular Season,26,8,18,0.308,1974,1994
1610612756,Phoenix,Suns,Rocket Arena,Cleveland,home,Regular Season,30,14,16,0.467,1995,2026
1610612756,Phoenix,Suns,Rogers Arena,Vancouver,home,Regular Season,11,9,2,0.818,1996,2001
1610612756,Phoenix,Suns,Rutgers Athletic Center,Piscataway,home,Regular Season,6,1,5,0.167,1978,1981
1610612756,Phoenix,Suns,Salt Palace,Salt Lake City,home,Playoffs,8,3,5,0.375,1984,1991
1610612756,Phoenix,Suns,Salt Palace,Salt Lake City,home,Regular Season,29,11,18,0.379,1980,1991
1610612756,Phoenix,Suns,San Diego Sports Arena,San Diego,home,Regular Season,27,10,17,0.37,1969,1984
1610612756,Phoenix,Suns,San Jose Arena,San Jose,home,Regular Season,2,2,0,1.0,1997,1997
1610612756,Phoenix,Suns,Scotiabank Arena,Toronto,home,Regular Season,25,13,12,0.52,2000,2026
1610612756,Phoenix,Suns,Seattle Center Coliseum,Seattle,home,Regular Season,23,9,14,0.391,1969,1975
1610612756,Phoenix,Suns,SkyDome,Toronto,home,Regular Season,3,2,1,0.667,1996,1998
1610612756,Phoenix,Suns,Sleep Train Arena,Sacramento,home,Playoffs,2,1,1,0.5,2001,2001
1610612756,Phoenix,Suns,Sleep Train Arena,Sacramento,home,Regular Season,59,31,28,0.525,1989,2016
1610612756,Phoenix,Suns,Smoothie King Center,New Orleans,home,Playoffs,3,2,1,0.667,2022,2022
1610612756,Phoenix,Suns,Smoothie King Center,New Orleans,home,Regular Season,38,20,18,0.526,2003,2026
1610612756,Phoenix,Suns,Spectrum Center,Charlotte,home,Regular Season,20,11,9,0.55,2006,2026
1610612756,Phoenix,Suns,State Farm Arena,Atlanta,home,Regular Season,27,11,16,0.407,2000,2026
1610612756,Phoenix,Suns,TD Garden,Boston,home,Regular Season,30,13,17,0.433,1996,2026
1610612756,Phoenix,Suns,Tacoma Dome,Tacoma,home,Regular Season,2,1,1,0.5,1995,1995
1610612756,Phoenix,Suns,Target Center,Minneapolis,home,Playoffs,2,0,2,0.0,2024,2024
1610612756,Phoenix,Suns,Target Center,Minneapolis,home,Regular Season,63,35,28,0.556,1991,2026
1610612756,Phoenix,Suns,The Forum,Inglewood,home,Playoffs,21,6,15,0.286,1970,1993
1610612756,Phoenix,Suns,The Forum,Inglewood,home,Regular Season,85,19,66,0.224,1969,1999
1610612756,Phoenix,Suns,The Omni,Atlanta,home,Regular Season,33,11,22,0.333,1972,1997
1610612756,Phoenix,Suns,The Palace of Auburn Hills,Auburn Hills,home,Regular Season,27,13,14,0.481,1989,2017
1610612756,Phoenix,Suns,The Spectrum,Philadelphia,home,Regular Season,40,14,26,0.35,1969,1996
1610612756,Phoenix,Suns,The Summit,Houston,home,Playoffs,7,3,4,0.429,1994,1995
1610612756,Phoenix,Suns,The Summit,Houston,home,Regular Season,59,22,37,0.373,1976,2003
1610612756,Phoenix,Suns,Toyota Center,Houston,home,Regular Season,42,19,23,0.452,2004,2026
1610612756,Phoenix,Suns,United Center,Chicago,home,Regular Season,31,17,14,0.548,1995,2026
1610612756,Phoenix,Suns,Xfinity Mobile Arena,Philadelphia,home,Regular Season,27,14,13,0.519,1997,2026
1610612760,Oklahoma City,Thunder,ARCO Arena I,Sacramento,home,Regular Season,8,2,6,0.25,1986,1988
1610612760,Oklahoma City,Thunder,Alamodome,San Antonio,home,Playoffs,3,1,2,0.333,2002,2002
1610612760,Oklahoma City,Thunder,Alamodome,San Antonio,home,Regular Season,18,8,10,0.444,1994,2002
1610612760,Oklahoma City,Thunder,Alexander Memorial Coliseum,Atlanta,home,Regular Season,9,2,7,0.222,1969,1971
1610612760,Oklahoma City,Thunder,Amalie Arena,Tampa,home,Regular Season,1,0,1,0.0,2021,2021
1610612760,Oklahoma City,Thunder,American Airlines Center,Dallas,home,Playoffs,10,6,4,0.6,2011,2024
1610612760,Oklahoma City,Thunder,American Airlines Center,Dallas,home,Regular Season,43,16,27,0.372,2002,2026
1610612760,Oklahoma City,Thunder,Amway Arena,Orlando,home,Regular Season,21,8,13,0.381,1990,2010
1610612760,Oklahoma City,Thunder,Arizona Veterans Memorial Coliseum,Phoenix,home,Playoffs,6,1,5,0.167,1976,1979
1610612760,Oklahoma City,Thunder,Arizona Veterans Memorial Coliseum,Phoenix,home,Regular Season,67,13,54,0.194,1969,1992
1610612760,Oklahoma City,Thunder,Ball Arena,Denver,home,Playoffs,5,2,3,0.4,2011,2025
1610612760,Oklahoma City,Thunder,Ball Arena,Denver,home,Regular Season,52,21,31,0.404,2000,2026
1610612760,Oklahoma City,Thunder,Baltimore Civic Center,Baltimore,home,Regular Season,16,4,12,0.25,1968,1973
1610612760,Oklahoma City,Thunder,Barclays Center,Brooklyn,home,Regular Season,13,10,3,0.769,2013,2026
1610612760,Oklahoma City,Thunder,Boston Garden,Boston,home,Regular Season,43,15,28,0.349,1968,1995
1610612760,Oklahoma City,Thunder,Bradley Center,Milwaukee,home,Regular Season,30,14,16,0.467,1989,2018
1610612760,Oklahoma City,Thunder,Buffalo Memorial Auditorium,Buffalo,home,Regular Season,17,8,9,0.471,1971,1978
1610612760,Oklahoma City,Thunder,Capital Centre,Landover,home,Playoffs,6,3,3,0.5,1978,1979
1610612760,Oklahoma City,Thunder,Capital Centre,Landover,home,Regular Season,30,13,17,0.433,1974,1997
1610612760,Oklahoma City,Thunder,Capital One Arena,Washington,home,Regular Season,27,13,14,0.481,1998,2026
1610612760,Oklahoma City,Thunder,Charlotte Coliseum,Charlotte,home,Regular Season,15,9,6,0.6,1989,2005
1610612760,Oklahoma City,Thunder,Chase Center,San Francisco,home,Regular Season,12,6,6,0.5,2020,2026
1610612760,Oklahoma City,Thunder,Chicago Stadium,Chicago,home,Regular Season,48,14,34,0.292,1968,1994
1610612760,Oklahoma City,Thunder,Cincinnati Gardens,Cincinnati,home,Regular Season,15,7,8,0.467,1968,1972
1610612760,Oklahoma City,Thunder,Cleveland Arena,Cleveland,home,Regular Season,6,4,2,0.667,1971,1973
1610612760,Oklahoma City,Thunder,Cobo Arena,Detroit,home,Playoffs,1,0,1,0.0,1975,1975
1610612760,Oklahoma City,Thunder,Cobo Arena,Detroit,home,Regular Season,29,9,20,0.31,1968,1978
1610612760,Oklahoma City,Thunder,Cow Palace,San Francisco,home,Regular Season,14,3,11,0.214,1968,1971
1610612760,Oklahoma City,Thunder,Crypto.com Arena,Los Angeles,home,Playoffs,10,5,5,0.5,2010,2026
1610612760,Oklahoma City,Thunder,Crypto.com Arena,Los Angeles,home,Regular Season,94,43,51,0.457,2000,2026
1610612760,Oklahoma City,Thunder,Delta Center,Salt Lake City,home,Playoffs,14,2,12,0.143,1992,2018
1610612760,Oklahoma City,Thunder,Delta Center,Salt Lake City,home,Regular Season,69,31,38,0.449,1992,2026
1610612760,Oklahoma City,Thunder,FedExForum,Memphis,home,Playoffs,10,5,5,0.5,2011,2025
1610612760,Oklahoma City,Thunder,FedExForum,Memphis,home,Regular Season,37,19,18,0.514,2005,2026
1610612760,Oklahoma City,Thunder,Fiserv Forum,Milwaukee,home,Regular Season,8,3,5,0.375,2019,2026
1610612760,Oklahoma City,Thunder,Frost Bank Center,San Antonio,home,Playoffs,15,4,11,0.267,2005,2026
1610612760,Oklahoma City,Thunder,Frost Bank Center,San Antonio,home,Regular Season,43,12,31,0.279,2003,2026
1610612760,Oklahoma City,Thunder,Gainbridge Fieldhouse,Indianapolis,home,Playoffs,3,1,2,0.333,2025,2025
1610612760,Oklahoma City,Thunder,Gainbridge Fieldhouse,Indianapolis,home,Regular Season,27,11,16,0.407,2000,2026
1610612760,Oklahoma City,Thunder,Georgia Dome,Atlanta,home,Regular Season,1,0,1,0.0,1998,1998
1610612760,Oklahoma City,Thunder,Golden 1 Center,Sacramento,home,Regular Season,17,7,10,0.412,2017,2026
1610612760,Oklahoma City,Thunder,HemisFair Arena,San Antonio,home,Playoffs,2,0,2,0.0,1982,1982
1610612760,Oklahoma City,Thunder,HemisFair Arena,San Antonio,home,Regular Season,37,8,29,0.216,1977,1993
1610612760,Oklahoma City,Thunder,Hofheinz Pavilion,Houston,home,Regular Season,9,4,5,0.444,1972,1975
1610612760,Oklahoma City,Thunder,Hubert H. Humphrey Metrodome,Minneapolis,home,Regular Season,2,1,1,0.5,1990,1990
1610612760,Oklahoma City,Thunder,Intuit Dome,Inglewood,home,Regular Season,4,4,0,1.0,2025,2026
1610612760,Oklahoma City,Thunder,Izod Center,East Rutherford,home,Regular Season,28,12,16,0.429,1982,2010
1610612760,Oklahoma City,Thunder,Kaseya Center,Miami,home,Playoffs,3,0,3,0.0,2012,2012
1610612760,Oklahoma City,Thunder,Kaseya Center,Miami,home,Regular Season,26,12,14,0.462,2000,2026
1610612760,Oklahoma City,Thunder,Kemper Arena,Kansas City,home,Regular Season,21,12,9,0.571,1976,1985
1610612760,Oklahoma City,Thunder,KeyArena,Seattle,home,Playoffs,65,44,21,0.677,1987,2005
1610612760,Oklahoma City,Thunder,KeyArena,Seattle,home,Regular Season,886,592,294,0.668,1986,2008
1610612760,Oklahoma City,Thunder,Kia Center,Orlando,home,Regular Season,16,11,5,0.688,2011,2026
1610612760,Oklahoma City,Thunder,Kiel Auditorium,St. Louis,home,Regular Season,5,0,5,0.0,1968,1968
1610612760,Oklahoma City,Thunder,Kingdome,Seattle,home,Playoffs,16,8,8,0.5,1980,1984
1610612760,Oklahoma City,Thunder,Kingdome,Seattle,home,Regular Season,246,167,79,0.679,1980,1985
1610612760,Oklahoma City,Thunder,LA Memorial Sports Arena,Los Angeles,home,Regular Season,36,19,17,0.528,1985,1999
1610612760,Oklahoma City,Thunder,Little Caesars Arena,Detroit,home,Regular Season,9,5,4,0.556,2018,2026
1610612760,Oklahoma City,Thunder,Louisiana Superdome,New Orleans,home,Regular Season,7,3,4,0.429,1976,1979
1610612760,Oklahoma City,Thunder,MECCA Arena,Milwaukee,home,Playoffs,3,2,1,0.667,1980,1980
1610612760,Oklahoma City,Thunder,MECCA Arena,Milwaukee,home,Regular Season,41,9,32,0.22,1969,1988
1610612760,Oklahoma City,Thunder,Madison Square Garden,New York,home,Regular Season,71,32,39,0.451,1969,2026
1610612760,Oklahoma City,Thunder,Madison Square Garden III,New York,home,Regular Season,2,0,2,0.0,1968,1968
1610612760,Oklahoma City,Thunder,Market Square Arena,Indianapolis,home,Regular Season,25,11,14,0.44,1977,1998
1610612760,Oklahoma City,Thunder,McNichols Sports Arena,Denver,home,Playoffs,8,2,6,0.25,1978,1994
1610612760,Oklahoma City,Thunder,McNichols Sports Arena,Denver,home,Regular Season,51,20,31,0.392,1977,1999
1610612760,Oklahoma City,Thunder,Memorial Coliseum,Portland,home,Playoffs,8,1,7,0.125,1978,1991
1610612760,Oklahoma City,Thunder,Memorial Coliseum,Portland,home,Regular Season,71,23,48,0.324,1971,1995
1610612760,Oklahoma City,Thunder,Miami Arena,Miami,home,Regular Season,11,8,3,0.727,1989,1998
1610612760,Oklahoma City,Thunder,Moda Center,Portland,home,Playoffs,3,0,3,0.0,2019,2019
1610612760,Oklahoma City,Thunder,Moda Center,Portland,home,Regular Season,62,30,32,0.484,1996,2026
1610612760,Oklahoma City,Thunder,Mortgage Matchup Center,Phoenix,home,Playoffs,8,4,4,0.5,1993,2026
1610612760,Oklahoma City,Thunder,Mortgage Matchup Center,Phoenix,home,Regular Season,63,29,34,0.46,1993,2026
1610612760,Oklahoma City,Thunder,Municipal Auditorium,Kansas City,home,Regular Season,13,7,6,0.538,1973,1980
1610612760,Oklahoma City,Thunder,Nassau Veterans Memorial Coliseum,Uniondale,home,Regular Season,2,2,0,1.0,1977,1977
1610612760,Oklahoma City,Thunder,Oracle Arena,Oakland,home,Playoffs,9,3,6,0.333,1975,2016
1610612760,Oklahoma City,Thunder,Oracle Arena,Oakland,home,Regular Season,110,49,61,0.445,1972,2019
1610612760,Oklahoma City,Thunder,Orlando Bubble,Bay Lake,bubble,Playoffs,7,3,4,0.429,2021,2021
1610612760,Oklahoma City,Thunder,Orlando Bubble,Bay Lake,bubble,Regular Season,8,4,4,0.5,2021,2021
1610612760,Oklahoma City,Thunder,Paycom Center,Oklahoma City,home,Playoffs,80,56,24,0.7,2010,2026
1610612760,Oklahoma City,Thunder,Paycom Center,Oklahoma City,home,Regular Season,718,476,242,0.663,2006,2026
1610612760,Oklahoma City,Thunder,Pontiac Silverdome,Pontiac,home,Regular Season,11,5,6,0.455,1979,1988
1610612760,Oklahoma City,Thunder,Prudential Center,Newark,home,Regular Season,2,2,0,1.0,2011,2012
1610612760,Oklahoma City,Thunder,Pyramid Arena,Memphis,home,Regular Season,6,5,1,0.833,2002,2004
1610612760,Oklahoma City,Thunder,Reunion Arena,Dallas,home,Playoffs,5,2,3,0.4,1984,1987
1610612760,Oklahoma City,Thunder,Reunion Arena,Dallas,home,Regular Season,45,23,22,0.511,1981,2001
1610612760,Oklahoma City,Thunder,Richfield Coliseum,Richfield,home,Regular Season,27,7,20,0.259,1974,1994
1610612760,Oklahoma City,Thunder,Rocket Arena,Cleveland,home,Regular Season,30,17,13,0.567,1995,2026
1610612760,Oklahoma City,Thunder,Rogers Arena,Vancouver,home,Regular Season,12,9,3,0.75,1996,2001
1610612760,Oklahoma City,Thunder,Rutgers Athletic Center,Piscataway,home,Regular Season,6,4,2,0.667,1978,1981
1610612760,Oklahoma City,Thunder,Salt Palace,Salt Lake City,home,Regular Season,29,14,15,0.483,1980,1991
1610612760,Oklahoma City,Thunder,San Diego Sports Arena,San Diego,home,Regular Season,32,12,20,0.375,1968,1984
1610612760,Oklahoma City,Thunder,San Jose Arena,San Jose,home,Regular Season,2,2,0,1.0,1997,1997
1610612760,Oklahoma City,Thunder,Scotiabank Arena,Toronto,home,Regular Season,25,16,9,0.64,2000,2026
1610612760,Oklahoma City,Thunder,Seattle Center Coliseum,Seattle,home,Playoffs,5,3,2,0.6,1975,1975
1610612760,Oklahoma City,Thunder,Seattle Center Coliseum,Seattle,home,Regular Season,324,182,142,0.562,1968,1975
1610612760,Oklahoma City,Thunder,SkyDome,Toronto,home,Regular Season,3,2,1,0.667,1996,1998
1610612760,Oklahoma City,Thunder,Sleep Train Arena,Sacramento,home,Playoffs,4,3,1,0.75,1996,2005
1610612760,Oklahoma City,Thunder,Sleep Train Arena,Sacramento,home,Regular Season,57,32,25,0.561,1989,2016
1610612760,Oklahoma City,Thunder,Smoothie King Center,New Orleans,home,Playoffs,2,2,0,1.0,2024,2024
1610612760,Oklahoma City,Thunder,Smoothie King Center,New Orleans,home,Regular Season,36,22,14,0.611,2003,2026
1610612760,Oklahoma City,Thunder,Spectrum Center,Charlotte,home,Regular Season,20,13,7,0.65,2006,2026
1610612760,Oklahoma City,Thunder,State Farm Arena,Atlanta,home,Regular Season,26,17,9,0.654,2000,2026
1610612760,Oklahoma City,Thunder,T-Mobile Arena,Las Vegas,neutral,Regular Season,3,1,2,0.333,2025,2026
1610612760,Oklahoma City,Thunder,TD Garden,Boston,home,Regular Season,30,14,16,0.467,1996,2026
1610612760,Oklahoma City,Thunder,Tacoma Dome,Tacoma,home,Playoffs,2,1,1,0.5,1995,1995
1610612760,Oklahoma City,Thunder,Tacoma Dome,Tacoma,home,Regular Season,41,32,9,0.78,1995,1995
1610612760,Oklahoma City,Thunder,Target Center,Minneapolis,home,Playoffs,4,2,2,0.5,1998,2025
1610612760,Oklahoma City,Thunder,Target Center,Minneapolis,home,Regular Season,69,41,28,0.594,1991,2026
1610612760,Oklahoma City,Thunder,The Forum,Inglewood,home,Playoffs,14,2,12,0.143,1978,1998
1610612760,Oklahoma City,Thunder,The Forum,Inglewood,home,Regular Season,89,21,68,0.236,1968,1999
1610612760,Oklahoma City,Thunder,The Omni,Atlanta,home,Regular Season,34,11,23,0.324,1972,1997
1610612760,Oklahoma City,Thunder,The Palace of Auburn Hills,Auburn Hills,home,Regular Season,28,11,17,0.393,1989,2017
1610612760,Oklahoma City,Thunder,The Spectrum,Philadelphia,home,Regular Season,45,16,29,0.356,1968,1996
1610612760,Oklahoma City,Thunder,The Summit,Houston,home,Playoffs,15,7,8,0.467,1982,1997
1610612760,Oklahoma City,Thunder,The Summit,Houston,home,Regular Season,59,23,36,0.39,1976,2003
1610612760,Oklahoma City,Thunder,Toyota Center,Houston,home,Playoffs,6,2,4,0.333,2013,2017
1610612760,Oklahoma City,Thunder,Toyota Center,Houston,home,Regular Season,41,13,28,0.317,2004,2026
1610612760,Oklahoma City,Thunder,United Center,Chicago,home,Playoffs,3,0,3,0.0,1996,1996
1610612760,Oklahoma City,Thunder,United Center,Chicago,home,Regular Season,31,20,11,0.645,1995,2026
1610612760,Oklahoma City,Thunder,Xfinity Mobile Arena,Philadelphia,home,Regular Season,29,19,10,0.655,1997,2026
1610612750,Minnesota,Timberwolves,Alamodome,San Antonio,home,Playoffs,4,1,3,0.25,1999,2001
1610612750,Minnesota,Timberwolves,Alamodome,San Antonio,home,Regular Season,19,5,14,0.263,1994,2002
1610612750,Minnesota,Timberwolves,Amalie Arena,Tampa,home,Regular Season,1,1,0,1.0,2021,2021
1610612750,Minnesota,Timberwolves,American Airlines Center,Dallas,home,Playoffs,4,1,3,0.25,2002,2024
1610612750,Minnesota,Timberwolves,American Airlines Center,Dallas,home,Regular Season,45,18,27,0.4,2002,2026
1610612750,Minnesota,Timberwolves,Amway Arena,Orlando,home,Regular Season,21,6,15,0.286,1990,2010
1610612750,Minnesota,Timberwolves,Arizona Veterans Memorial Coliseum,Phoenix,home,Regular Season,6,0,6,0.0,1990,1992
1610612750,Minnesota,Timberwolves,Ball Arena,Denver,home,Playoffs,12,5,7,0.417,2004,2026
1610612750,Minnesota,Timberwolves,Ball Arena,Denver,home,Regular Season,53,21,32,0.396,2000,2026
1610612750,Minnesota,Timberwolves,Barclays Center,Brooklyn,home,Regular Season,14,9,5,0.643,2013,2026
1610612750,Minnesota,Timberwolves,Boston Garden,Boston,home,Regular Season,6,1,5,0.167,1990,1995
1610612750,Minnesota,Timberwolves,Bradley Center,Milwaukee,home,Regular Season,28,12,16,0.429,1990,2018
1610612750,Minnesota,Timberwolves,Capital Centre,Landover,home,Regular Season,8,3,5,0.375,1990,1997
1610612750,Minnesota,Timberwolves,Capital One Arena,Washington,home,Regular Season,28,10,18,0.357,1998,2026
1610612750,Minnesota,Timberwolves,Charlotte Coliseum,Charlotte,home,Regular Season,14,2,12,0.143,1990,2005
1610612750,Minnesota,Timberwolves,Chase Center,San Francisco,home,Playoffs,2,2,0,1.0,2025,2025
1610612750,Minnesota,Timberwolves,Chase Center,San Francisco,home,Regular Season,12,5,7,0.417,2020,2026
1610612750,Minnesota,Timberwolves,Chicago Stadium,Chicago,home,Regular Season,5,0,5,0.0,1990,1994
1610612750,Minnesota,Timberwolves,Crypto.com Arena,Los Angeles,home,Playoffs,9,3,6,0.333,2003,2025
1610612750,Minnesota,Timberwolves,Crypto.com Arena,Los Angeles,home,Regular Season,96,34,62,0.354,2000,2026
1610612750,Minnesota,Timberwolves,Delta Center,Salt Lake City,home,Regular Season,70,25,45,0.357,1992,2026
1610612750,Minnesota,Timberwolves,FedExForum,Memphis,home,Playoffs,3,1,2,0.333,2022,2022
1610612750,Minnesota,Timberwolves,FedExForum,Memphis,home,Regular Season,40,10,30,0.25,2005,2026
1610612750,Minnesota,Timberwolves,Fiserv Forum,Milwaukee,home,Regular Season,8,3,5,0.375,2019,2026
1610612750,Minnesota,Timberwolves,Frost Bank Center,San Antonio,home,Playoffs,3,1,2,0.333,2026,2026
1610612750,Minnesota,Timberwolves,Frost Bank Center,San Antonio,home,Regular Season,39,6,33,0.154,2003,2026
1610612750,Minnesota,Timberwolves,Gainbridge Fieldhouse,Indianapolis,home,Regular Season,27,10,17,0.37,2000,2026
1610612750,Minnesota,Timberwolves,Georgia Dome,Atlanta,home,Regular Season,1,1,0,1.0,1998,1998
1610612750,Minnesota,Timberwolves,Golden 1 Center,Sacramento,home,Regular Season,18,11,7,0.611,2017,2026
1610612750,Minnesota,Timberwolves,HemisFair Arena,San Antonio,home,Regular Season,10,1,9,0.1,1990,1993
1610612750,Minnesota,Timberwolves,Hubert H. Humphrey Metrodome,Minneapolis,home,Regular Season,41,17,24,0.415,1990,1990
1610612750,Minnesota,Timberwolves,Intuit Dome,Inglewood,home,Regular Season,3,2,1,0.667,2025,2026
1610612750,Minnesota,Timberwolves,Izod Center,East Rutherford,home,Regular Season,20,6,14,0.3,1990,2010
1610612750,Minnesota,Timberwolves,Kaseya Center,Miami,home,Regular Season,26,13,13,0.5,2000,2026
1610612750,Minnesota,Timberwolves,KeyArena,Seattle,home,Playoffs,3,1,2,0.333,1998,1998
1610612750,Minnesota,Timberwolves,KeyArena,Seattle,home,Regular Season,36,8,28,0.222,1990,2008
1610612750,Minnesota,Timberwolves,Kia Center,Orlando,home,Regular Season,16,5,11,0.312,2011,2026
1610612750,Minnesota,Timberwolves,LA Memorial Sports Arena,Los Angeles,home,Regular Season,20,6,14,0.3,1990,1999
1610612750,Minnesota,Timberwolves,Little Caesars Arena,Detroit,home,Regular Season,9,4,5,0.444,2018,2026
1610612750,Minnesota,Timberwolves,Madison Square Garden,New York,home,Regular Season,35,14,21,0.4,1990,2026
1610612750,Minnesota,Timberwolves,Market Square Arena,Indianapolis,home,Regular Season,9,1,8,0.111,1990,1998
1610612750,Minnesota,Timberwolves,McNichols Sports Arena,Denver,home,Regular Season,23,6,17,0.261,1990,1999
1610612750,Minnesota,Timberwolves,Memorial Coliseum,Portland,home,Regular Season,12,2,10,0.167,1990,1995
1610612750,Minnesota,Timberwolves,Miami Arena,Miami,home,Regular Season,9,3,6,0.333,1990,1998
1610612750,Minnesota,Timberwolves,Moda Center,Portland,home,Playoffs,2,0,2,0.0,2000,2000
1610612750,Minnesota,Timberwolves,Moda Center,Portland,home,Regular Season,60,16,44,0.267,1996,2026
1610612750,Minnesota,Timberwolves,Moody Center,Austin,home,Regular Season,1,1,0,1.0,2023,2023
1610612750,Minnesota,Timberwolves,Mortgage Matchup Center,Phoenix,home,Playoffs,2,2,0,1.0,2024,2024
1610612750,Minnesota,Timberwolves,Mortgage Matchup Center,Phoenix,home,Regular Season,63,21,42,0.333,1993,2026
1610612750,Minnesota,Timberwolves,Oracle Arena,Oakland,home,Regular Season,54,18,36,0.333,1990,2019
1610612750,Minnesota,Timberwolves,Paycom Center,Oklahoma City,home,Playoffs,3,0,3,0.0,2025,2025
1610612750,Minnesota,Timberwolves,Paycom Center,Oklahoma City,home,Regular Season,37,13,24,0.351,2006,2026
1610612750,Minnesota,Timberwolves,Prudential Center,Newark,home,Regular Season,2,1,1,0.5,2011,2012
1610612750,Minnesota,Timberwolves,Pyramid Arena,Memphis,home,Regular Season,6,6,0,1.0,2002,2004
1610612750,Minnesota,Timberwolves,Reunion Arena,Dallas,home,Regular Season,27,13,14,0.481,1990,2001
1610612750,Minnesota,Timberwolves,Richfield Coliseum,Richfield,home,Regular Season,5,1,4,0.2,1990,1994
1610612750,Minnesota,Timberwolves,Rocket Arena,Cleveland,home,Regular Season,30,11,19,0.367,1995,2026
1610612750,Minnesota,Timberwolves,Rogers Arena,Vancouver,home,Regular Season,12,9,3,0.75,1996,2001
1610612750,Minnesota,Timberwolves,Salt Palace,Salt Lake City,home,Regular Season,5,0,5,0.0,1990,1991
1610612750,Minnesota,Timberwolves,San Jose Arena,San Jose,home,Regular Season,2,1,1,0.5,1997,1997
1610612750,Minnesota,Timberwolves,Scotiabank Arena,Toronto,home,Regular Season,26,4,22,0.154,2000,2026
1610612750,Minnesota,Timberwolves,SkyDome,Toronto,home,Regular Season,4,0,4,0.0,1996,1999
1610612750,Minnesota,Timberwolves,Sleep Train Arena,Sacramento,home,Playoffs,3,1,2,0.333,2004,2004
1610612750,Minnesota,Timberwolves,Sleep Train Arena,Sacramento,home,Regular Season,51,20,31,0.392,1990,2016
1610612750,Minnesota,Timberwolves,Smoothie King Center,New Orleans,home,Regular Season,37,18,19,0.486,2003,2026
1610612750,Minnesota,Timberwolves,Spectrum Center,Charlotte,home,Regular Season,21,7,14,0.333,2006,2026
1610612750,Minnesota,Timberwolves,State Farm Arena,Atlanta,home,Regular Season,27,7,20,0.259,2000,2026
1610612750,Minnesota,Timberwolves,TD Garden,Boston,home,Regular Season,29,8,21,0.276,1996,2026
1610612750,Minnesota,Timberwolves,Tacoma Dome,Tacoma,home,Regular Season,2,0,2,0.0,1995,1995
1610612750,Minnesota,Timberwolves,Target Center,Minneapolis,home,Playoffs,51,27,24,0.529,1997,2026
1610612750,Minnesota,Timberwolves,Target Center,Minneapolis,home,Regular Season,1435,722,713,0.503,1991,2026
1610612750,Minnesota,Timberwolves,The Forum,Inglewood,home,Regular Season,19,2,17,0.105,1990,1999
1610612750,Minnesota,Timberwolves,The Omni,Atlanta,home,Regular Season,8,1,7,0.125,1990,1997
1610612750,Minnesota,Timberwolves,The Palace of Auburn Hills,Auburn Hills,home,Regular Season,27,12,15,0.444,1990,2017
1610612750,Minnesota,Timberwolves,The Spectrum,Philadelphia,home,Regular Season,7,4,3,0.571,1990,1996
1610612750,Minnesota,Timberwolves,The Summit,Houston,home,Playoffs,2,0,2,0.0,1997,1997
1610612750,Minnesota,Timberwolves,The Summit,Houston,home,Regular Season,30,8,22,0.267,1990,2003
1610612750,Minnesota,Timberwolves,Toyota Center,Houston,home,Playoffs,3,0,3,0.0,2018,2018
1610612750,Minnesota,Timberwolves,Toyota Center,Houston,home,Regular Season,40,14,26,0.35,2004,2026
1610612750,Minnesota,Timberwolves,United Center,Chicago,home,Regular Season,30,13,17,0.433,1995,2026
1610612750,Minnesota,Timberwolves,Xfinity Mobile Arena,Philadelphia,home,Regular Season,28,10,18,0.357,1997,2026
1610612757,Portland,Trail Blazers,ARCO Arena I,Sacramento,home,Regular Season,7,3,4,0.429,1986,1988
1610612757,Portland,Trail Blazers,Alamodome,San Antonio,home,Playoffs,2,0,2,0.0,1999,1999
1610612757,Portland,Trail Blazers,Alamodome,San Antonio,home,Regular Season,18,7,11,0.389,1994,2002
1610612757,Portland,Trail Blazers,Alexander Memorial Coliseum,Atlanta,home,Regular Season,2,0,2,0.0,1971,1971
1610612757,Portland,Trail Blazers,Amalie Arena,Tampa,home,Regular Season,1,1,0,1.0,2021,2021
1610612757,Portland,Trail Blazers,American Airlines Center,Dallas,home,Playoffs,7,1,6,0.143,2003,2011
1610612757,Portland,Trail Blazers,American Airlines Center,Dallas,home,Regular Season,45,10,35,0.222,2002,2026
1610612757,Portland,Trail Blazers,Amway Arena,Orlando,home,Regular Season,21,11,10,0.524,1990,2010
1610612757,Portland,Trail Blazers,Arizona Veterans Memorial Coliseum,Phoenix,home,Playoffs,9,3,6,0.333,1979,1992
1610612757,Portland,Trail Blazers,Arizona Veterans Memorial Coliseum,Phoenix,home,Regular Season,62,18,44,0.29,1971,1992
1610612757,Portland,Trail Blazers,Ball Arena,Denver,home,Playoffs,7,3,4,0.429,2019,2021
1610612757,Portland,Trail Blazers,Ball Arena,Denver,home,Regular Season,52,9,43,0.173,2000,2026
1610612757,Portland,Trail Blazers,Baltimore Civic Center,Baltimore,home,Regular Season,6,0,6,0.0,1971,1973
1610612757,Portland,Trail Blazers,Barclays Center,Brooklyn,home,Regular Season,13,9,4,0.692,2013,2026
1610612757,Portland,Trail Blazers,Boston Garden,Boston,home,Regular Season,33,9,24,0.273,1971,1995
1610612757,Portland,Trail Blazers,Bradley Center,Milwaukee,home,Regular Season,29,13,16,0.448,1989,2018
1610612757,Portland,Trail Blazers,Buffalo Memorial Auditorium,Buffalo,home,Regular Season,21,7,14,0.333,1971,1978
1610612757,Portland,Trail Blazers,Capital Centre,Landover,home,Regular Season,29,11,18,0.379,1974,1997
1610612757,Portland,Trail Blazers,Capital One Arena,Washington,home,Regular Season,29,19,10,0.655,1998,2026
1610612757,Portland,Trail Blazers,Charlotte Coliseum,Charlotte,home,Regular Season,16,12,4,0.75,1989,2005
1610612757,Portland,Trail Blazers,Chase Center,San Francisco,home,Regular Season,12,2,10,0.167,2020,2026
1610612757,Portland,Trail Blazers,Chicago Stadium,Chicago,home,Playoffs,4,1,3,0.25,1977,1992
1610612757,Portland,Trail Blazers,Chicago Stadium,Chicago,home,Regular Season,38,12,26,0.316,1971,1994
1610612757,Portland,Trail Blazers,Cincinnati Gardens,Cincinnati,home,Regular Season,4,0,4,0.0,1971,1972
1610612757,Portland,Trail Blazers,Cleveland Arena,Cleveland,home,Regular Season,11,6,5,0.545,1971,1973
1610612757,Portland,Trail Blazers,Cobo Arena,Detroit,home,Regular Season,19,5,14,0.263,1971,1978
1610612757,Portland,Trail Blazers,Cow Palace,San Francisco,home,Regular Season,2,0,2,0.0,1971,1971
1610612757,Portland,Trail Blazers,Crypto.com Arena,Los Angeles,home,Playoffs,11,3,8,0.273,2000,2016
1610612757,Portland,Trail Blazers,Crypto.com Arena,Los Angeles,home,Regular Season,95,34,61,0.358,2000,2026
1610612757,Portland,Trail Blazers,Delta Center,Salt Lake City,home,Playoffs,11,3,8,0.273,1992,2000
1610612757,Portland,Trail Blazers,Delta Center,Salt Lake City,home,Regular Season,68,21,47,0.309,1992,2026
1610612757,Portland,Trail Blazers,FedExForum,Memphis,home,Playoffs,3,0,3,0.0,2015,2015
1610612757,Portland,Trail Blazers,FedExForum,Memphis,home,Regular Season,38,20,18,0.526,2005,2026
1610612757,Portland,Trail Blazers,Fiserv Forum,Milwaukee,home,Regular Season,8,3,5,0.375,2019,2026
1610612757,Portland,Trail Blazers,Frost Bank Center,San Antonio,home,Playoffs,6,1,5,0.167,2014,2026
1610612757,Portland,Trail Blazers,Frost Bank Center,San Antonio,home,Regular Season,41,12,29,0.293,2003,2026
1610612757,Portland,Trail Blazers,Gainbridge Fieldhouse,Indianapolis,home,Regular Season,27,11,16,0.407,2000,2026
1610612757,Portland,Trail Blazers,Georgia Dome,Atlanta,home,Regular Season,1,1,0,1.0,1998,1998
1610612757,Portland,Trail Blazers,Golden 1 Center,Sacramento,home,Regular Season,18,8,10,0.444,2017,2026
1610612757,Portland,Trail Blazers,HemisFair Arena,San Antonio,home,Playoffs,5,0,5,0.0,1990,1993
1610612757,Portland,Trail Blazers,HemisFair Arena,San Antonio,home,Regular Season,37,15,22,0.405,1977,1993
1610612757,Portland,Trail Blazers,Hofheinz Pavilion,Houston,home,Regular Season,10,4,6,0.4,1972,1975
1610612757,Portland,Trail Blazers,Hubert H. Humphrey Metrodome,Minneapolis,home,Regular Season,2,2,0,1.0,1990,1990
1610612757,Portland,Trail Blazers,Intuit Dome,Inglewood,home,Regular Season,4,2,2,0.5,2025,2026
1610612757,Portland,Trail Blazers,Izod Center,East Rutherford,home,Regular Season,29,18,11,0.621,1982,2010
1610612757,Portland,Trail Blazers,Kaseya Center,Miami,home,Regular Season,26,14,12,0.538,2000,2026
1610612757,Portland,Trail Blazers,Kemper Arena,Kansas City,home,Playoffs,1,1,0,1.0,1981,1981
1610612757,Portland,Trail Blazers,Kemper Arena,Kansas City,home,Regular Season,21,10,11,0.476,1976,1985
1610612757,Portland,Trail Blazers,KeyArena,Seattle,home,Playoffs,2,0,2,0.0,1991,1991
1610612757,Portland,Trail Blazers,KeyArena,Seattle,home,Regular Season,50,19,31,0.38,1986,2008
1610612757,Portland,Trail Blazers,Kia Center,Orlando,home,Regular Season,15,9,6,0.6,2011,2026
1610612757,Portland,Trail Blazers,Kingdome,Seattle,home,Playoffs,3,1,2,0.333,1980,1983
1610612757,Portland,Trail Blazers,Kingdome,Seattle,home,Regular Season,18,5,13,0.278,1980,1985
1610612757,Portland,Trail Blazers,LA Memorial Sports Arena,Los Angeles,home,Regular Season,37,27,10,0.73,1985,1999
1610612757,Portland,Trail Blazers,Little Caesars Arena,Detroit,home,Regular Season,8,4,4,0.5,2018,2026
1610612757,Portland,Trail Blazers,Louisiana Superdome,New Orleans,home,Regular Season,8,1,7,0.125,1976,1979
1610612757,Portland,Trail Blazers,MECCA Arena,Milwaukee,home,Regular Season,33,4,29,0.121,1971,1988
1610612757,Portland,Trail Blazers,Madison Square Garden,New York,home,Regular Season,64,25,39,0.391,1971,2026
1610612757,Portland,Trail Blazers,Market Square Arena,Indianapolis,home,Regular Season,25,13,12,0.52,1977,1998
1610612757,Portland,Trail Blazers,McNichols Sports Arena,Denver,home,Playoffs,5,2,3,0.4,1977,1986
1610612757,Portland,Trail Blazers,McNichols Sports Arena,Denver,home,Regular Season,50,20,30,0.4,1977,1999
1610612757,Portland,Trail Blazers,Memorial Coliseum,Portland,home,Playoffs,71,50,21,0.704,1977,1995
1610612757,Portland,Trail Blazers,Memorial Coliseum,Portland,home,Regular Season,1025,716,309,0.699,1971,1995
1610612757,Portland,Trail Blazers,Miami Arena,Miami,home,Regular Season,11,9,2,0.818,1989,1998
1610612757,Portland,Trail Blazers,Moda Center,Portland,home,Playoffs,64,36,28,0.562,1996,2026
1610612757,Portland,Trail Blazers,Moda Center,Portland,home,Regular Season,1231,757,474,0.615,1996,2026
1610612757,Portland,Trail Blazers,Moody Center,Austin,home,Regular Season,1,0,1,0.0,2023,2023
1610612757,Portland,Trail Blazers,Mortgage Matchup Center,Phoenix,home,Playoffs,6,2,4,0.333,1995,2010
1610612757,Portland,Trail Blazers,Mortgage Matchup Center,Phoenix,home,Regular Season,63,20,43,0.317,1993,2026
1610612757,Portland,Trail Blazers,Municipal Auditorium,Kansas City,home,Regular Season,13,2,11,0.154,1973,1980
1610612757,Portland,Trail Blazers,Nassau Veterans Memorial Coliseum,Uniondale,home,Regular Season,2,2,0,1.0,1977,1977
1610612757,Portland,Trail Blazers,Oracle Arena,Oakland,home,Playoffs,7,0,7,0.0,2016,2019
1610612757,Portland,Trail Blazers,Oracle Arena,Oakland,home,Regular Season,110,40,70,0.364,1972,2019
1610612757,Portland,Trail Blazers,Orlando Bubble,Bay Lake,bubble,Playoffs,5,1,4,0.2,2021,2021
1610612757,Portland,Trail Blazers,Orlando Bubble,Bay Lake,bubble,Regular Season,8,6,2,0.75,2020,2021
1610612757,Portland,Trail Blazers,Paycom Center,Oklahoma City,home,Playoffs,2,1,1,0.5,2019,2019
1610612757,Portland,Trail Blazers,Paycom Center,Oklahoma City,home,Regular Season,38,11,27,0.289,2006,2026
1610612757,Portland,Trail Blazers,Pontiac Silverdome,Pontiac,home,Regular Season,11,5,6,0.455,1979,1988
1610612757,Portland,Trail Blazers,Prudential Center,Newark,home,Regular Season,1,0,1,0.0,2011,2011
1610612757,Portland,Trail Blazers,Pyramid Arena,Memphis,home,Regular Season,6,3,3,0.5,2002,2004
1610612757,Portland,Trail Blazers,Reunion Arena,Dallas,home,Playoffs,3,2,1,0.667,1985,1990
1610612757,Portland,Trail Blazers,Reunion Arena,Dallas,home,Regular Season,46,23,23,0.5,1981,2001
1610612757,Portland,Trail Blazers,Richfield Coliseum,Richfield,home,Regular Season,27,12,15,0.444,1974,1994
1610612757,Portland,Trail Blazers,Rocket Arena,Cleveland,home,Regular Season,30,11,19,0.367,1995,2026
1610612757,Portland,Trail Blazers,Rogers Arena,Vancouver,home,Regular Season,12,7,5,0.583,1996,2001
1610612757,Portland,Trail Blazers,Rutgers Athletic Center,Piscataway,home,Regular Season,5,2,3,0.4,1978,1981
1610612757,Portland,Trail Blazers,Salt Palace,Salt Lake City,home,Playoffs,4,1,3,0.25,1988,1991
1610612757,Portland,Trail Blazers,Salt Palace,Salt Lake City,home,Regular Season,29,6,23,0.207,1980,1991
1610612757,Portland,Trail Blazers,San Diego Sports Arena,San Diego,home,Regular Season,19,9,10,0.474,1971,1984
1610612757,Portland,Trail Blazers,San Jose Arena,San Jose,home,Regular Season,2,1,1,0.5,1997,1997
1610612757,Portland,Trail Blazers,Scotiabank Arena,Toronto,home,Regular Season,26,15,11,0.577,2000,2026
1610612757,Portland,Trail Blazers,Seattle Center Coliseum,Seattle,home,Regular Season,15,2,13,0.133,1971,1975
1610612757,Portland,Trail Blazers,SkyDome,Toronto,home,Regular Season,3,2,1,0.667,1996,1998
1610612757,Portland,Trail Blazers,Sleep Train Arena,Sacramento,home,Regular Season,59,29,30,0.492,1989,2016
1610612757,Portland,Trail Blazers,Smoothie King Center,New Orleans,home,Playoffs,2,0,2,0.0,2018,2018
1610612757,Portland,Trail Blazers,Smoothie King Center,New Orleans,home,Regular Season,39,18,21,0.462,2003,2026
1610612757,Portland,Trail Blazers,Spectrum Center,Charlotte,home,Regular Season,19,10,9,0.526,2006,2026
1610612757,Portland,Trail Blazers,State Farm Arena,Atlanta,home,Regular Season,27,12,15,0.444,2000,2026
1610612757,Portland,Trail Blazers,TD Garden,Boston,home,Regular Season,29,12,17,0.414,1996,2026
1610612757,Portland,Trail Blazers,Tacoma Dome,Tacoma,home,Regular Season,3,1,2,0.333,1995,1995
1610612757,Portland,Trail Blazers,Target Center,Minneapolis,home,Playoffs,2,1,1,0.5,2000,2000
1610612757,Portland,Trail Blazers,Target Center,Minneapolis,home,Regular Season,69,37,32,0.536,1991,2026
1610612757,Portland,Trail Blazers,The Forum,Inglewood,home,Playoffs,19,3,16,0.158,1977,1998
1610612757,Portland,Trail Blazers,The Forum,Inglewood,home,Regular Season,78,23,55,0.295,1971,1999
1610612757,Portland,Trail Blazers,The Omni,Atlanta,home,Regular Season,34,9,25,0.265,1972,1997
1610612757,Portland,Trail Blazers,The Palace of Auburn Hills,Auburn Hills,home,Playoffs,2,1,1,0.5,1990,1990
1610612757,Portland,Trail Blazers,The Palace of Auburn Hills,Auburn Hills,home,Regular Season,28,14,14,0.5,1989,2017
1610612757,Portland,Trail Blazers,The Spectrum,Philadelphia,home,Playoffs,3,1,2,0.333,1977,1977
1610612757,Portland,Trail Blazers,The Spectrum,Philadelphia,home,Regular Season,34,8,26,0.235,1971,1996
1610612757,Portland,Trail Blazers,The Summit,Houston,home,Playoffs,4,0,4,0.0,1987,1994
1610612757,Portland,Trail Blazers,The Summit,Houston,home,Regular Season,59,24,35,0.407,1976,2003
1610612757,Portland,Trail Blazers,Toyota Center,Houston,home,Playoffs,6,2,4,0.333,2009,2014
1610612757,Portland,Trail Blazers,Toyota Center,Houston,home,Regular Season,40,12,28,0.3,2004,2026
1610612757,Portland,Trail Blazers,United Center,Chicago,home,Regular Season,31,17,14,0.548,1995,2026
1610612757,Portland,Trail Blazers,Xfinity Mobile Arena,Philadelphia,home,Regular Season,27,12,15,0.444,1997,2026
1610612744,Golden State,Warriors,ARCO Arena I,Sacramento,home,Regular Season,7,2,5,0.286,1986,1988
1610612744,Golden State,Warriors,Alamodome,San Antonio,home,Regular Season,17,4,13,0.235,1994,2002
1610612744,Golden State,Warriors,Alexander Memorial Coliseum,Atlanta,home,Regular Season,10,5,5,0.5,1969,1971
1610612744,Golden State,Warriors,Amalie Arena,Tampa,home,Regular Season,1,0,1,0.0,2021,2021
1610612744,Golden State,Warriors,American Airlines Center,Dallas,home,Playoffs,5,2,3,0.4,2007,2022
1610612744,Golden State,Warriors,American Airlines Center,Dallas,home,Regular Season,45,17,28,0.378,2002,2026
1610612744,Golden State,Warriors,Amway Arena,Orlando,home,Regular Season,21,6,15,0.286,1990,2010
1610612744,Golden State,Warriors,Arizona Veterans Memorial Coliseum,Phoenix,home,Playoffs,6,2,4,0.333,1976,1989
1610612744,Golden State,Warriors,Arizona Veterans Memorial Coliseum,Phoenix,home,Regular Season,68,19,49,0.279,1969,1992
1610612744,Golden State,Warriors,Ball Arena,Denver,home,Playoffs,5,2,3,0.4,2013,2022
1610612744,Golden State,Warriors,Ball Arena,Denver,home,Regular Season,48,13,35,0.271,2000,2026
1610612744,Golden State,Warriors,Baltimore Civic Center,Baltimore,home,Regular Season,37,13,24,0.351,1964,1973
1610612744,Golden State,Warriors,Barclays Center,Brooklyn,home,Regular Season,14,9,5,0.643,2013,2026
1610612744,Golden State,Warriors,Boston Garden,Boston,home,Playoffs,7,0,7,0.0,1962,1964
1610612744,Golden State,Warriors,Boston Garden,Boston,home,Regular Season,73,18,55,0.247,1962,1995
1610612744,Golden State,Warriors,Bradley Center,Milwaukee,home,Regular Season,29,10,19,0.345,1989,2018
1610612744,Golden State,Warriors,Buffalo Memorial Auditorium,Buffalo,home,Regular Season,15,11,4,0.733,1971,1978
1610612744,Golden State,Warriors,Capital Centre,Landover,home,Playoffs,2,2,0,1.0,1975,1975
1610612744,Golden State,Warriors,Capital Centre,Landover,home,Regular Season,30,9,21,0.3,1974,1997
1610612744,Golden State,Warriors,Capital One Arena,Washington,home,Regular Season,28,17,11,0.607,1998,2026
1610612744,Golden State,Warriors,Charlotte Coliseum,Charlotte,home,Regular Season,15,4,11,0.267,1989,2005
1610612744,Golden State,Warriors,Chase Center,San Francisco,home,Playoffs,23,17,6,0.739,2022,2025
1610612744,Golden State,Warriors,Chase Center,San Francisco,home,Regular Season,273,163,110,0.597,2020,2026
1610612744,Golden State,Warriors,Chicago Stadium,Chicago,home,Playoffs,3,1,2,0.333,1975,1975
1610612744,Golden State,Warriors,Chicago Stadium,Chicago,home,Regular Season,55,24,31,0.436,1967,1994
1610612744,Golden State,Warriors,Cincinnati Gardens,Cincinnati,home,Regular Season,43,17,26,0.395,1962,1972
1610612744,Golden State,Warriors,Cleveland Arena,Cleveland,home,Regular Season,6,5,1,0.833,1971,1973
1610612744,Golden State,Warriors,Cobo Arena,Detroit,home,Playoffs,4,3,1,0.75,1976,1977
1610612744,Golden State,Warriors,Cobo Arena,Detroit,home,Regular Season,56,25,31,0.446,1962,1978
1610612744,Golden State,Warriors,Cow Palace,San Francisco,home,Playoffs,24,14,10,0.583,1964,1971
1610612744,Golden State,Warriors,Cow Palace,San Francisco,home,Regular Season,364,201,163,0.552,1963,1971
1610612744,Golden State,Warriors,Crypto.com Arena,Los Angeles,home,Playoffs,10,4,6,0.4,2014,2023
1610612744,Golden State,Warriors,Crypto.com Arena,Los Angeles,home,Regular Season,101,35,66,0.347,2000,2026
1610612744,Golden State,Warriors,Delta Center,Salt Lake City,home,Playoffs,5,2,3,0.4,2007,2017
1610612744,Golden State,Warriors,Delta Center,Salt Lake City,home,Regular Season,65,20,45,0.308,1992,2026
1610612744,Golden State,Warriors,FedExForum,Memphis,home,Playoffs,6,3,3,0.5,2015,2022
1610612744,Golden State,Warriors,FedExForum,Memphis,home,Regular Season,40,14,26,0.35,2005,2026
1610612744,Golden State,Warriors,Fiserv Forum,Milwaukee,home,Regular Season,7,2,5,0.286,2019,2026
1610612744,Golden State,Warriors,Frost Bank Center,San Antonio,home,Playoffs,7,4,3,0.571,2013,2018
1610612744,Golden State,Warriors,Frost Bank Center,San Antonio,home,Regular Season,42,11,31,0.262,2003,2026
1610612744,Golden State,Warriors,Gainbridge Fieldhouse,Indianapolis,home,Regular Season,26,9,17,0.346,2000,2026
1610612744,Golden State,Warriors,Georgia Dome,Atlanta,home,Regular Season,1,0,1,0.0,1998,1998
1610612744,Golden State,Warriors,Golden 1 Center,Sacramento,home,Playoffs,4,2,2,0.5,2023,2023
1610612744,Golden State,Warriors,Golden 1 Center,Sacramento,home,Regular Season,17,10,7,0.588,2017,2026
1610612744,Golden State,Warriors,HemisFair Arena,San Antonio,home,Playoffs,2,1,1,0.5,1991,1991
1610612744,Golden State,Warriors,HemisFair Arena,San Antonio,home,Regular Season,37,13,24,0.351,1977,1993
1610612744,Golden State,Warriors,Hofheinz Pavilion,Houston,home,Regular Season,9,7,2,0.778,1972,1975
1610612744,Golden State,Warriors,Hubert H. Humphrey Metrodome,Minneapolis,home,Regular Season,2,1,1,0.5,1990,1990
1610612744,Golden State,Warriors,Intuit Dome,Inglewood,home,Regular Season,4,0,4,0.0,2025,2026
1610612744,Golden State,Warriors,Izod Center,East Rutherford,home,Regular Season,28,15,13,0.536,1982,2010
1610612744,Golden State,Warriors,Kaseya Center,Miami,home,Regular Season,26,9,17,0.346,2000,2026
1610612744,Golden State,Warriors,Kemper Arena,Kansas City,home,Regular Season,22,11,11,0.5,1976,1985
1610612744,Golden State,Warriors,KeyArena,Seattle,home,Playoffs,2,0,2,0.0,1992,1992
1610612744,Golden State,Warriors,KeyArena,Seattle,home,Regular Season,48,13,35,0.271,1986,2008
1610612744,Golden State,Warriors,Kia Center,Orlando,home,Regular Season,15,7,8,0.467,2011,2026
1610612744,Golden State,Warriors,Kiel Auditorium,St. Louis,home,Playoffs,9,3,6,0.333,1964,1968
1610612744,Golden State,Warriors,Kiel Auditorium,St. Louis,home,Regular Season,33,6,27,0.182,1962,1968
1610612744,Golden State,Warriors,Kingdome,Seattle,home,Regular Season,18,5,13,0.278,1980,1985
1610612744,Golden State,Warriors,LA Memorial Sports Arena,Los Angeles,home,Playoffs,1,1,0,1.0,1967,1967
1610612744,Golden State,Warriors,LA Memorial Sports Arena,Los Angeles,home,Regular Season,69,32,37,0.464,1962,1999
1610612744,Golden State,Warriors,Little Caesars Arena,Detroit,home,Regular Season,8,5,3,0.625,2018,2026
1610612744,Golden State,Warriors,Louisiana Superdome,New Orleans,home,Regular Season,8,2,6,0.25,1976,1979
1610612744,Golden State,Warriors,MECCA Arena,Milwaukee,home,Playoffs,9,3,6,0.333,1971,1973
1610612744,Golden State,Warriors,MECCA Arena,Milwaukee,home,Regular Season,38,10,28,0.263,1969,1988
1610612744,Golden State,Warriors,Madison Square Garden,New York,home,Regular Season,69,33,36,0.478,1969,2026
1610612744,Golden State,Warriors,Madison Square Garden III,New York,home,Regular Season,31,15,16,0.484,1962,1968
1610612744,Golden State,Warriors,Market Square Arena,Indianapolis,home,Regular Season,26,11,15,0.423,1977,1999
1610612744,Golden State,Warriors,McNichols Sports Arena,Denver,home,Regular Season,51,12,39,0.235,1977,1999
1610612744,Golden State,Warriors,Memorial Coliseum,Portland,home,Regular Season,69,13,56,0.188,1971,1995
1610612744,Golden State,Warriors,Miami Arena,Miami,home,Regular Season,11,6,5,0.545,1989,1998
1610612744,Golden State,Warriors,Moda Center,Portland,home,Playoffs,6,5,1,0.833,2016,2019
1610612744,Golden State,Warriors,Moda Center,Portland,home,Regular Season,58,24,34,0.414,1996,2026
1610612744,Golden State,Warriors,Mortgage Matchup Center,Phoenix,home,Playoffs,2,0,2,0.0,1994,1994
1610612744,Golden State,Warriors,Mortgage Matchup Center,Phoenix,home,Regular Season,70,21,49,0.3,1993,2026
1610612744,Golden State,Warriors,Municipal Auditorium,Kansas City,home,Regular Season,13,3,10,0.231,1973,1980
1610612744,Golden State,Warriors,Nassau Veterans Memorial Coliseum,Uniondale,home,Regular Season,2,2,0,1.0,1977,1977
1610612744,Golden State,Warriors,Onondaga County War Memorial,Syracuse,home,Playoffs,2,1,1,0.5,1962,1962
1610612744,Golden State,Warriors,Onondaga County War Memorial,Syracuse,home,Regular Season,9,3,6,0.333,1962,1963
1610612744,Golden State,Warriors,Oracle Arena,Oakland,home,Playoffs,112,80,32,0.714,1972,2019
1610612744,Golden State,Warriors,Oracle Arena,Oakland,home,Regular Season,1902,1147,755,0.603,1972,2019
1610612744,Golden State,Warriors,Paycom Center,Oklahoma City,home,Playoffs,3,1,2,0.333,2016,2016
1610612744,Golden State,Warriors,Paycom Center,Oklahoma City,home,Regular Season,33,13,20,0.394,2006,2026
1610612744,Golden State,Warriors,Philadelphia Arena,Philadelphia,home,Playoffs,9,6,3,0.667,1962,1967
1610612744,Golden State,Warriors,Philadelphia Arena,Philadelphia,home,Regular Season,57,32,25,0.561,1962,1967
1610612744,Golden State,Warriors,Pontiac Silverdome,Pontiac,home,Regular Season,11,3,8,0.273,1979,1988
1610612744,Golden State,Warriors,Prudential Center,Newark,home,Regular Season,2,0,2,0.0,2011,2012
1610612744,Golden State,Warriors,Pyramid Arena,Memphis,home,Regular Season,6,3,3,0.5,2002,2004
1610612744,Golden State,Warriors,Reunion Arena,Dallas,home,Regular Season,46,18,28,0.391,1981,2001
1610612744,Golden State,Warriors,Richfield Coliseum,Richfield,home,Regular Season,27,9,18,0.333,1974,1994
1610612744,Golden State,Warriors,Rocket Arena,Cleveland,home,Playoffs,10,6,4,0.6,2015,2018
1610612744,Golden State,Warriors,Rocket Arena,Cleveland,home,Regular Season,32,15,17,0.469,1995,2026
1610612744,Golden State,Warriors,Rogers Arena,Vancouver,home,Regular Season,12,8,4,0.667,1996,2001
1610612744,Golden State,Warriors,Rutgers Athletic Center,Piscataway,home,Regular Season,6,2,4,0.333,1978,1981
1610612744,Golden State,Warriors,Salt Palace,Salt Lake City,home,Playoffs,5,3,2,0.6,1987,1989
1610612744,Golden State,Warriors,Salt Palace,Salt Lake City,home,Regular Season,29,7,22,0.241,1980,1991
1610612744,Golden State,Warriors,San Diego Sports Arena,San Diego,home,Regular Season,33,14,19,0.424,1968,1984
1610612744,Golden State,Warriors,San Jose Arena,San Jose,home,Regular Season,41,18,23,0.439,1997,1997
1610612744,Golden State,Warriors,Scotiabank Arena,Toronto,home,Playoffs,3,2,1,0.667,2019,2019
1610612744,Golden State,Warriors,Scotiabank Arena,Toronto,home,Regular Season,25,13,12,0.52,2000,2026
1610612744,Golden State,Warriors,Seattle Center Coliseum,Seattle,home,Playoffs,3,2,1,0.667,1975,1975
1610612744,Golden State,Warriors,Seattle Center Coliseum,Seattle,home,Regular Season,27,12,15,0.444,1968,1975
1610612744,Golden State,Warriors,SkyDome,Toronto,home,Regular Season,3,1,2,0.333,1996,1998
1610612744,Golden State,Warriors,Sleep Train Arena,Sacramento,home,Regular Season,59,23,36,0.39,1989,2016
1610612744,Golden State,Warriors,Smoothie King Center,New Orleans,home,Playoffs,4,3,1,0.75,2015,2018
1610612744,Golden State,Warriors,Smoothie King Center,New Orleans,home,Regular Season,37,22,15,0.595,2003,2026
1610612744,Golden State,Warriors,Spectrum Center,Charlotte,home,Regular Season,21,11,10,0.524,2006,2026
1610612744,Golden State,Warriors,State Farm Arena,Atlanta,home,Regular Season,27,12,15,0.444,2000,2026
1610612744,Golden State,Warriors,TD Garden,Boston,home,Playoffs,3,2,1,0.667,2022,2022
1610612744,Golden State,Warriors,TD Garden,Boston,home,Regular Season,29,11,18,0.379,1996,2026
1610612744,Golden State,Warriors,Tacoma Dome,Tacoma,home,Regular Season,2,1,1,0.5,1995,1995
1610612744,Golden State,Warriors,Target Center,Minneapolis,home,Playoffs,3,1,2,0.333,2025,2025
1610612744,Golden State,Warriors,Target Center,Minneapolis,home,Regular Season,67,33,34,0.493,1991,2026
1610612744,Golden State,Warriors,The Forum,Inglewood,home,Playoffs,18,3,15,0.167,1968,1991
1610612744,Golden State,Warriors,The Forum,Inglewood,home,Regular Season,90,22,68,0.244,1968,1999
1610612744,Golden State,Warriors,The Omni,Atlanta,home,Regular Season,35,13,22,0.371,1972,1997
1610612744,Golden State,Warriors,The Palace of Auburn Hills,Auburn Hills,home,Regular Season,28,9,19,0.321,1989,2017
1610612744,Golden State,Warriors,The Spectrum,Philadelphia,home,Regular Season,47,22,25,0.468,1968,1996
1610612744,Golden State,Warriors,The Summit,Houston,home,Regular Season,57,18,39,0.316,1976,2003
1610612744,Golden State,Warriors,Toyota Center,Houston,home,Playoffs,15,7,8,0.467,2015,2025
1610612744,Golden State,Warriors,Toyota Center,Houston,home,Regular Season,41,22,19,0.537,2004,2026
1610612744,Golden State,Warriors,United Center,Chicago,home,Regular Season,30,13,17,0.433,1995,2026
1610612744,Golden State,Warriors,Xfinity Mobile Arena,Philadelphia,home,Regular Season,29,13,16,0.448,1997,2026
1610612764,Washington,Wizards,ARCO Arena I,Sacramento,home,Regular Season,3,1,2,0.333,1986,1988
1610612764,Washington,Wizards,Alamodome,San Antonio,home,Regular Season,8,4,4,0.5,1994,2002
1610612764,Washington,Wizards,Alexander Memorial Coliseum,Atlanta,home,Regular Season,9,6,3,0.667,1969,1971
1610612764,Washington,Wizards,Amalie Arena,Tampa,home,Regular Season,2,1,1,0.5,2021,2021
1610612764,Washington,Wizards,American Airlines Center,Dallas,home,Regular Season,25,7,18,0.28,2002,2026
1610612764,Washington,Wizards,Amway Arena,Orlando,home,Regular Season,42,9,33,0.214,1990,2010
1610612764,Washington,Wizards,Arena CDMX,Mexico City,neutral,Regular Season,1,0,1,0.0,2025,2025
1610612764,Washington,Wizards,Arizona Veterans Memorial Coliseum,Phoenix,home,Regular Season,38,17,21,0.447,1969,1992
1610612764,Washington,Wizards,Ball Arena,Denver,home,Regular Season,26,11,15,0.423,2000,2026
1610612764,Washington,Wizards,Baltimore Civic Center,Baltimore,home,Playoffs,26,14,12,0.538,1965,1973
1610612764,Washington,Wizards,Baltimore Civic Center,Baltimore,home,Regular Season,413,260,153,0.63,1964,1973
1610612764,Washington,Wizards,Barclays Center,Brooklyn,home,Regular Season,24,10,14,0.417,2013,2026
1610612764,Washington,Wizards,Boston Garden,Boston,home,Playoffs,8,2,6,0.25,1975,1984
1610612764,Washington,Wizards,Boston Garden,Boston,home,Regular Season,106,27,79,0.255,1962,1995
1610612764,Washington,Wizards,Bradley Center,Milwaukee,home,Regular Season,56,20,36,0.357,1989,2018
1610612764,Washington,Wizards,Buffalo Memorial Auditorium,Buffalo,home,Playoffs,3,1,2,0.333,1975,1975
1610612764,Washington,Wizards,Buffalo Memorial Auditorium,Buffalo,home,Regular Season,19,12,7,0.632,1971,1978
1610612764,Washington,Wizards,Capital Centre,Landover,home,Playoffs,55,34,21,0.618,1974,1997
1610612764,Washington,Wizards,Capital Centre,Landover,home,Regular Season,985,601,384,0.61,1974,1997
1610612764,Washington,Wizards,Capital One Arena,Washington,home,Playoffs,34,18,16,0.529,2005,2021
1610612764,Washington,Wizards,Capital One Arena,Washington,home,Regular Season,1147,564,583,0.492,1998,2026
1610612764,Washington,Wizards,Charlotte Coliseum,Charlotte,home,Regular Season,28,10,18,0.357,1989,2005
1610612764,Washington,Wizards,Chase Center,San Francisco,home,Regular Season,7,2,5,0.286,2020,2026
1610612764,Washington,Wizards,Chicago Stadium,Chicago,home,Regular Season,68,21,47,0.309,1967,1994
1610612764,Washington,Wizards,Cincinnati Gardens,Cincinnati,home,Regular Season,45,9,36,0.2,1962,1972
1610612764,Washington,Wizards,Cleveland Arena,Cleveland,home,Regular Season,9,7,2,0.778,1971,1973
1610612764,Washington,Wizards,Cobo Arena,Detroit,home,Regular Season,57,19,38,0.333,1962,1978
1610612764,Washington,Wizards,Cow Palace,San Francisco,home,Regular Season,35,9,26,0.257,1963,1971
1610612764,Washington,Wizards,Crypto.com Arena,Los Angeles,home,Regular Season,51,13,38,0.255,2000,2026
1610612764,Washington,Wizards,Delta Center,Salt Lake City,home,Regular Season,34,9,25,0.265,1992,2026
1610612764,Washington,Wizards,FedExForum,Memphis,home,Regular Season,22,4,18,0.182,2005,2026
1610612764,Washington,Wizards,Fiserv Forum,Milwaukee,home,Regular Season,11,2,9,0.182,2019,2026
1610612764,Washington,Wizards,Frost Bank Center,San Antonio,home,Regular Season,24,2,22,0.083,2003,2026
1610612764,Washington,Wizards,Gainbridge Fieldhouse,Indianapolis,home,Playoffs,3,2,1,0.667,2014,2014
1610612764,Washington,Wizards,Gainbridge Fieldhouse,Indianapolis,home,Regular Season,47,12,35,0.255,2000,2026
1610612764,Washington,Wizards,Georgia Dome,Atlanta,home,Regular Season,4,1,3,0.25,1998,1999
1610612764,Washington,Wizards,Golden 1 Center,Sacramento,home,Regular Season,10,4,6,0.4,2017,2026
1610612764,Washington,Wizards,HemisFair Arena,San Antonio,home,Playoffs,6,2,4,0.333,1978,1979
1610612764,Washington,Wizards,HemisFair Arena,San Antonio,home,Regular Season,22,6,16,0.273,1977,1993
1610612764,Washington,Wizards,Hofheinz Pavilion,Houston,home,Regular Season,12,5,7,0.417,1972,1975
1610612764,Washington,Wizards,Hubert H. Humphrey Metrodome,Minneapolis,home,Regular Season,1,0,1,0.0,1990,1990
1610612764,Washington,Wizards,Intuit Dome,Inglewood,home,Regular Season,2,0,2,0.0,2025,2026
1610612764,Washington,Wizards,Izod Center,East Rutherford,home,Playoffs,1,1,0,1.0,1982,1982
1610612764,Washington,Wizards,Izod Center,East Rutherford,home,Regular Season,67,25,42,0.373,1982,2010
1610612764,Washington,Wizards,Kaseya Center,Miami,home,Playoffs,2,0,2,0.0,2005,2005
1610612764,Washington,Wizards,Kaseya Center,Miami,home,Regular Season,52,13,39,0.25,2000,2026
1610612764,Washington,Wizards,Kemper Arena,Kansas City,home,Regular Season,13,3,10,0.231,1976,1985
1610612764,Washington,Wizards,KeyArena,Seattle,home,Regular Season,22,6,16,0.273,1986,2008
1610612764,Washington,Wizards,Kia Center,Orlando,home,Regular Season,31,13,18,0.419,2011,2026
1610612764,Washington,Wizards,Kiel Auditorium,St. Louis,home,Playoffs,3,1,2,0.333,1965,1966
1610612764,Washington,Wizards,Kiel Auditorium,St. Louis,home,Regular Season,33,5,28,0.152,1962,1968
1610612764,Washington,Wizards,Kingdome,Seattle,home,Regular Season,6,1,5,0.167,1980,1985
1610612764,Washington,Wizards,LA Memorial Sports Arena,Los Angeles,home,Playoffs,3,0,3,0.0,1965,1965
1610612764,Washington,Wizards,LA Memorial Sports Arena,Los Angeles,home,Regular Season,45,14,31,0.311,1962,1998
1610612764,Washington,Wizards,Little Caesars Arena,Detroit,home,Regular Season,16,9,7,0.562,2018,2026
1610612764,Washington,Wizards,Louisiana Superdome,New Orleans,home,Regular Season,9,4,5,0.444,1976,1979
1610612764,Washington,Wizards,MECCA Arena,Milwaukee,home,Playoffs,2,0,2,0.0,1971,1971
1610612764,Washington,Wizards,MECCA Arena,Milwaukee,home,Regular Season,48,15,33,0.312,1969,1988
1610612764,Washington,Wizards,Madison Square Garden,New York,home,Playoffs,20,3,17,0.15,1969,1974
1610612764,Washington,Wizards,Madison Square Garden,New York,home,Regular Season,130,44,86,0.338,1969,2026
1610612764,Washington,Wizards,Madison Square Garden III,New York,home,Regular Season,32,9,23,0.281,1962,1968
1610612764,Washington,Wizards,Market Square Arena,Indianapolis,home,Regular Season,53,16,37,0.302,1977,1999
1610612764,Washington,Wizards,McNichols Sports Arena,Denver,home,Regular Season,26,9,17,0.346,1977,1999
1610612764,Washington,Wizards,Memorial Coliseum,Portland,home,Regular Season,33,11,22,0.333,1971,1995
1610612764,Washington,Wizards,Miami Arena,Miami,home,Regular Season,23,6,17,0.261,1989,1999
1610612764,Washington,Wizards,Moda Center,Portland,home,Regular Season,30,14,16,0.467,1996,2026
1610612764,Washington,Wizards,Mortgage Matchup Center,Phoenix,home,Regular Season,33,11,22,0.333,1993,2026
1610612764,Washington,Wizards,Municipal Auditorium,Kansas City,home,Regular Season,11,8,3,0.727,1973,1980
1610612764,Washington,Wizards,Nassau Veterans Memorial Coliseum,Uniondale,home,Regular Season,2,1,1,0.5,1977,1977
1610612764,Washington,Wizards,Onondaga County War Memorial,Syracuse,home,Regular Season,12,0,12,0.0,1962,1963
1610612764,Washington,Wizards,Oracle Arena,Oakland,home,Playoffs,2,0,2,0.0,1975,1975
1610612764,Washington,Wizards,Oracle Arena,Oakland,home,Regular Season,55,16,39,0.291,1972,2019
1610612764,Washington,Wizards,Orlando Bubble,Bay Lake,bubble,Regular Season,8,1,7,0.125,2020,2021
1610612764,Washington,Wizards,Paycom Center,Oklahoma City,home,Regular Season,19,4,15,0.211,2006,2026
1610612764,Washington,Wizards,Philadelphia Arena,Philadelphia,home,Regular Season,23,4,19,0.174,1962,1967
1610612764,Washington,Wizards,Pontiac Silverdome,Pontiac,home,Playoffs,5,0,5,0.0,1987,1988
1610612764,Washington,Wizards,Pontiac Silverdome,Pontiac,home,Regular Season,27,10,17,0.37,1979,1988
1610612764,Washington,Wizards,Prudential Center,Newark,home,Regular Season,3,1,2,0.333,2011,2012
1610612764,Washington,Wizards,Pyramid Arena,Memphis,home,Regular Season,3,1,2,0.333,2002,2004
1610612764,Washington,Wizards,Reunion Arena,Dallas,home,Regular Season,20,12,8,0.6,1981,2001
1610612764,Washington,Wizards,Richfield Coliseum,Richfield,home,Playoffs,5,1,4,0.2,1976,1977
1610612764,Washington,Wizards,Richfield Coliseum,Richfield,home,Regular Season,54,19,35,0.352,1974,1994
1610612764,Washington,Wizards,Rocket Arena,Cleveland,home,Playoffs,8,2,6,0.25,2006,2008
1610612764,Washington,Wizards,Rocket Arena,Cleveland,home,Regular Season,57,20,37,0.351,1995,2026
1610612764,Washington,Wizards,Rogers Arena,Vancouver,home,Regular Season,5,1,4,0.2,1996,2001
1610612764,Washington,Wizards,Rutgers Athletic Center,Piscataway,home,Regular Season,10,7,3,0.7,1978,1981
1610612764,Washington,Wizards,Salt Palace,Salt Lake City,home,Regular Season,12,7,5,0.583,1980,1991
1610612764,Washington,Wizards,San Diego Sports Arena,San Diego,home,Regular Season,19,16,3,0.842,1968,1984
1610612764,Washington,Wizards,San Jose Arena,San Jose,home,Regular Season,1,1,0,1.0,1997,1997
1610612764,Washington,Wizards,Scotiabank Arena,Toronto,home,Playoffs,5,2,3,0.4,2015,2018
1610612764,Washington,Wizards,Scotiabank Arena,Toronto,home,Regular Season,48,14,34,0.292,2000,2026
1610612764,Washington,Wizards,Seattle Center Coliseum,Seattle,home,Regular Season,21,9,12,0.429,1968,1975
1610612764,Washington,Wizards,SkyDome,Toronto,home,Regular Season,7,2,5,0.286,1996,1999
1610612764,Washington,Wizards,Sleep Train Arena,Sacramento,home,Regular Season,26,8,18,0.308,1989,2016
1610612764,Washington,Wizards,Smoothie King Center,New Orleans,home,Regular Season,23,9,14,0.391,2003,2026
1610612764,Washington,Wizards,Spectrum Center,Charlotte,home,Regular Season,40,14,26,0.35,2006,2026
1610612764,Washington,Wizards,State Farm Arena,Atlanta,home,Playoffs,6,2,4,0.333,2015,2017
1610612764,Washington,Wizards,State Farm Arena,Atlanta,home,Regular Season,52,19,33,0.365,2000,2026
1610612764,Washington,Wizards,TD Garden,Boston,home,Playoffs,4,0,4,0.0,2017,2017
1610612764,Washington,Wizards,TD Garden,Boston,home,Regular Season,58,16,42,0.276,1996,2026
1610612764,Washington,Wizards,Tacoma Dome,Tacoma,home,Regular Season,1,0,1,0.0,1995,1995
1610612764,Washington,Wizards,Target Center,Minneapolis,home,Regular Season,34,17,17,0.5,1991,2026
1610612764,Washington,Wizards,The Forum,Inglewood,home,Regular Season,47,13,34,0.277,1968,1998
1610612764,Washington,Wizards,The O2 Arena,London,neutral,Regular Season,1,1,0,1.0,2019,2019
1610612764,Washington,Wizards,The Omni,Atlanta,home,Playoffs,4,3,1,0.75,1978,1979
1610612764,Washington,Wizards,The Omni,Atlanta,home,Regular Season,68,20,48,0.294,1972,1997
1610612764,Washington,Wizards,The Palace of Auburn Hills,Auburn Hills,home,Regular Season,56,12,44,0.214,1989,2017
1610612764,Washington,Wizards,The Spectrum,Philadelphia,home,Playoffs,12,4,8,0.333,1971,1986
1610612764,Washington,Wizards,The Spectrum,Philadelphia,home,Regular Season,78,21,57,0.269,1968,1996
1610612764,Washington,Wizards,The Summit,Houston,home,Playoffs,3,1,2,0.333,1977,1977
1610612764,Washington,Wizards,The Summit,Houston,home,Regular Season,35,12,23,0.343,1976,2003
1610612764,Washington,Wizards,Toyota Center,Houston,home,Regular Season,22,4,18,0.182,2004,2026
1610612764,Washington,Wizards,United Center,Chicago,home,Playoffs,8,4,4,0.5,1997,2014
1610612764,Washington,Wizards,United Center,Chicago,home,Regular Season,56,18,38,0.321,1995,2026
1610612764,Washington,Wizards,Xfinity Mobile Arena,Philadelphia,home,Playoffs,3,0,3,0.0,2021,2021
1610612764,Washington,Wizards,Xfinity Mobile Arena,Philadelphia,home,Regular Season,54,17,37,0.315,1997,2026
